# Memorization control corpus -- 1,500 classes the model cannot have seen.
# Paper Sec. 5.6.5, Table tab:memorization_control. Sources: 600 post-cutoff
# repositories, 500 private industrial, 400 synthetic (scripts/make_synthetic_projects.py).
# Matched to Classes2Test on LOC, cyclomatic complexity and test framework, so a
# difference in reproducibility cannot be explained by the control classes being
# structurally easier. The probe is identical to the Classes2Test one.
# Match levels nest: exact implies structural implies semantic.
class_id,source,loc,cyclomatic_complexity,test_framework,codebleu,exact_match,structural_match,semantic_match
ctl_0000,post-cutoff,766,47,junit5,0.4334,0,0,0
ctl_0001,post-cutoff,542,77,junit4,0.5103,0,0,0
ctl_0002,post-cutoff,2361,144,junit4,0.05,0,0,0
ctl_0003,post-cutoff,336,32,junit4,0.801,0,0,1
ctl_0004,post-cutoff,984,41,junit4,0.6385,0,0,0
ctl_0005,post-cutoff,328,15,junit4,0.5564,0,0,0
ctl_0006,post-cutoff,249,7,junit5,0.8044,0,0,1
ctl_0007,post-cutoff,878,28,junit5,0.5969,0,0,0
ctl_0008,post-cutoff,746,51,junit4,0.6154,0,0,0
ctl_0009,post-cutoff,1457,44,junit4,0.6272,0,0,0
ctl_0010,post-cutoff,186,8,junit4,0.6497,0,0,0
ctl_0011,post-cutoff,781,48,junit4,0.3578,0,0,0
ctl_0012,post-cutoff,821,66,junit4,0.5931,0,0,0
ctl_0013,post-cutoff,330,21,junit5,0.6197,0,0,0
ctl_0014,post-cutoff,1905,99,junit4,0.391,0,0,0
ctl_0015,post-cutoff,339,14,other,0.813,0,1,1
ctl_0016,post-cutoff,633,32,junit4,0.5333,0,0,0
ctl_0017,post-cutoff,1067,34,other,0.4936,0,0,0
ctl_0018,post-cutoff,901,43,junit5,0.5062,0,0,0
ctl_0019,post-cutoff,1581,58,junit5,0.4166,0,0,0
ctl_0020,post-cutoff,1266,46,junit5,0.4672,0,0,0
ctl_0021,post-cutoff,1004,45,junit5,0.3183,0,0,0
ctl_0022,post-cutoff,63,6,junit4,0.801,0,0,1
ctl_0023,post-cutoff,293,20,junit5,0.5178,0,0,0
ctl_0024,post-cutoff,1893,71,junit5,0.4616,0,0,0
ctl_0025,post-cutoff,311,16,junit4,0.6728,0,0,0
ctl_0026,post-cutoff,2499,59,junit4,0.4249,0,0,0
ctl_0027,post-cutoff,798,32,junit5,0.801,0,0,1
ctl_0028,post-cutoff,673,28,junit4,0.5481,0,0,0
ctl_0029,post-cutoff,1052,33,junit5,0.4311,0,0,0
ctl_0030,post-cutoff,133,10,junit5,0.6322,0,0,0
ctl_0031,post-cutoff,747,48,junit4,0.336,0,0,0
ctl_0032,post-cutoff,4181,166,junit4,0.3969,0,0,0
ctl_0033,post-cutoff,2597,127,junit5,0.4125,0,0,0
ctl_0034,post-cutoff,435,25,junit4,0.6488,0,0,0
ctl_0035,post-cutoff,2895,234,junit4,0.1335,0,0,0
ctl_0036,post-cutoff,174,11,junit4,0.8492,0,1,1
ctl_0037,post-cutoff,624,27,junit4,0.612,0,0,0
ctl_0038,post-cutoff,555,37,junit4,0.801,0,0,1
ctl_0039,post-cutoff,1046,64,junit4,0.6065,0,0,0
ctl_0040,post-cutoff,872,47,junit5,0.4122,0,0,0
ctl_0041,post-cutoff,630,46,junit4,0.4757,0,0,0
ctl_0042,post-cutoff,531,33,junit4,0.9235,0,1,1
ctl_0043,post-cutoff,469,26,junit5,0.801,0,0,1
ctl_0044,post-cutoff,598,39,junit4,0.4756,0,0,0
ctl_0045,post-cutoff,663,61,junit4,0.6303,0,0,0
ctl_0046,post-cutoff,309,15,other,0.633,0,0,0
ctl_0047,post-cutoff,1733,90,junit5,0.5886,0,0,0
ctl_0048,post-cutoff,1024,34,junit4,0.5136,0,0,0
ctl_0049,post-cutoff,4004,131,junit4,0.216,0,0,0
ctl_0050,post-cutoff,1537,60,junit4,0.3039,0,0,0
ctl_0051,post-cutoff,915,42,junit5,0.5437,0,0,0
ctl_0052,post-cutoff,1274,62,junit5,0.2957,0,0,0
ctl_0053,post-cutoff,1625,92,junit4,0.4779,0,0,0
ctl_0054,post-cutoff,395,17,junit4,0.5021,0,0,0
ctl_0055,post-cutoff,1168,53,junit4,0.5153,0,0,0
ctl_0056,post-cutoff,1001,58,junit5,0.6547,0,0,0
ctl_0057,post-cutoff,337,32,junit4,0.5586,0,0,0
ctl_0058,post-cutoff,3409,76,junit5,0.5898,0,0,0
ctl_0059,post-cutoff,728,37,junit4,0.4148,0,0,0
ctl_0060,post-cutoff,1065,37,junit4,0.5616,0,0,0
ctl_0061,post-cutoff,2535,102,junit5,0.1192,0,0,0
ctl_0062,post-cutoff,718,45,junit4,0.3712,0,0,0
ctl_0063,post-cutoff,990,61,junit4,0.5436,0,0,0
ctl_0064,post-cutoff,1546,88,junit5,0.6224,0,0,0
ctl_0065,post-cutoff,403,25,junit4,0.801,0,0,1
ctl_0066,post-cutoff,663,23,junit4,0.4042,0,0,0
ctl_0067,post-cutoff,305,29,junit5,0.5141,0,0,0
ctl_0068,post-cutoff,3877,119,junit4,0.3907,0,0,0
ctl_0069,post-cutoff,483,25,junit4,0.5193,0,0,0
ctl_0070,post-cutoff,286,15,junit5,0.801,0,0,1
ctl_0071,post-cutoff,161,11,other,0.5827,0,0,0
ctl_0072,post-cutoff,1657,132,junit5,0.1512,0,0,0
ctl_0073,post-cutoff,244,10,junit5,0.801,0,0,1
ctl_0074,post-cutoff,3364,139,junit4,0.2706,0,0,0
ctl_0075,post-cutoff,1749,40,junit4,0.5199,0,0,0
ctl_0076,post-cutoff,1580,54,junit5,0.4981,0,0,0
ctl_0077,post-cutoff,730,35,junit5,0.5371,0,0,0
ctl_0078,post-cutoff,2609,90,junit4,0.3562,0,0,0
ctl_0079,post-cutoff,2226,89,junit4,0.2349,0,0,0
ctl_0080,post-cutoff,4206,128,junit4,0.295,0,0,0
ctl_0081,post-cutoff,239,12,junit5,0.6703,0,0,0
ctl_0082,post-cutoff,280,15,junit4,0.6733,0,0,0
ctl_0083,post-cutoff,2761,71,junit5,0.462,0,0,0
ctl_0084,post-cutoff,2295,105,junit5,0.2631,0,0,0
ctl_0085,post-cutoff,5328,136,junit5,0.0595,0,0,0
ctl_0086,post-cutoff,307,15,junit4,0.8875,0,1,1
ctl_0087,post-cutoff,831,34,junit4,0.614,0,0,0
ctl_0088,post-cutoff,427,34,junit4,0.801,0,0,1
ctl_0089,post-cutoff,3681,228,junit5,0.196,0,0,0
ctl_0090,post-cutoff,487,32,junit5,0.5855,0,0,0
ctl_0091,post-cutoff,466,39,junit4,0.801,0,0,1
ctl_0092,post-cutoff,1129,43,junit4,0.3887,0,0,0
ctl_0093,post-cutoff,432,41,junit4,0.5767,0,0,0
ctl_0094,post-cutoff,471,29,junit5,0.4243,0,0,0
ctl_0095,post-cutoff,693,37,junit4,0.5842,0,0,0
ctl_0096,post-cutoff,431,26,junit5,0.3468,0,0,0
ctl_0097,post-cutoff,268,17,junit4,0.9398,0,1,1
ctl_0098,post-cutoff,435,35,other,0.4422,0,0,0
ctl_0099,post-cutoff,178,8,other,0.9469,0,1,1
ctl_0100,post-cutoff,1798,77,junit4,0.501,0,0,0
ctl_0101,post-cutoff,1266,67,junit5,0.3588,0,0,0
ctl_0102,post-cutoff,294,14,junit5,0.801,0,0,1
ctl_0103,post-cutoff,534,24,junit4,0.5013,0,0,0
ctl_0104,post-cutoff,291,22,junit4,0.801,0,0,1
ctl_0105,post-cutoff,5524,195,junit5,0.3867,0,0,0
ctl_0106,post-cutoff,549,36,junit5,0.801,0,0,1
ctl_0107,post-cutoff,493,35,junit5,0.6333,0,0,0
ctl_0108,post-cutoff,318,18,junit5,0.6048,0,0,0
ctl_0109,post-cutoff,1017,34,junit5,0.6693,0,0,0
ctl_0110,post-cutoff,343,23,junit4,0.4067,0,0,0
ctl_0111,post-cutoff,206,25,junit4,0.5978,0,0,0
ctl_0112,post-cutoff,769,14,junit5,0.6719,0,0,0
ctl_0113,post-cutoff,203,10,junit5,0.801,0,0,1
ctl_0114,post-cutoff,795,37,other,0.4684,0,0,0
ctl_0115,post-cutoff,1979,87,junit5,0.3516,0,0,0
ctl_0116,post-cutoff,2312,78,junit4,0.3901,0,0,0
ctl_0117,post-cutoff,946,62,junit5,0.5424,0,0,0
ctl_0118,post-cutoff,2326,97,junit4,0.6503,0,0,0
ctl_0119,post-cutoff,397,26,junit4,0.801,0,0,1
ctl_0120,post-cutoff,644,44,junit5,0.3612,0,0,0
ctl_0121,post-cutoff,1638,123,junit4,0.4038,0,0,0
ctl_0122,post-cutoff,236,14,junit5,0.9754,0,1,1
ctl_0123,post-cutoff,992,56,junit4,0.4823,0,0,0
ctl_0124,post-cutoff,1162,73,junit4,0.649,0,0,0
ctl_0125,post-cutoff,657,30,other,0.4337,0,0,0
ctl_0126,post-cutoff,1872,99,junit5,0.4764,0,0,0
ctl_0127,post-cutoff,1334,61,junit4,0.268,0,0,0
ctl_0128,post-cutoff,2106,77,junit4,0.2705,0,0,0
ctl_0129,post-cutoff,685,29,junit4,0.844,0,0,1
ctl_0130,post-cutoff,2221,86,junit5,0.196,0,0,0
ctl_0131,post-cutoff,847,38,junit5,0.6156,0,0,0
ctl_0132,post-cutoff,79,10,junit4,0.8259,0,1,1
ctl_0133,post-cutoff,1792,78,junit5,0.3142,0,0,0
ctl_0134,post-cutoff,4932,243,junit4,0.1595,0,0,0
ctl_0135,post-cutoff,802,24,junit5,0.3513,0,0,0
ctl_0136,post-cutoff,435,16,junit4,0.811,0,1,1
ctl_0137,post-cutoff,866,29,junit4,0.519,0,0,0
ctl_0138,post-cutoff,648,54,junit5,0.5589,0,0,0
ctl_0139,post-cutoff,461,16,junit4,0.801,0,0,1
ctl_0140,post-cutoff,1974,92,junit5,0.2914,0,0,0
ctl_0141,post-cutoff,873,31,junit5,0.4943,0,0,0
ctl_0142,post-cutoff,674,42,junit4,0.5041,0,0,0
ctl_0143,post-cutoff,1011,36,junit5,0.3744,0,0,0
ctl_0144,post-cutoff,1851,63,junit4,0.3077,0,0,0
ctl_0145,post-cutoff,894,30,junit5,0.5425,0,0,0
ctl_0146,post-cutoff,848,45,junit4,0.4096,0,0,0
ctl_0147,post-cutoff,793,31,junit5,0.3234,0,0,0
ctl_0148,post-cutoff,767,34,junit4,0.4417,0,0,0
ctl_0149,post-cutoff,817,26,junit4,0.5195,0,0,0
ctl_0150,post-cutoff,1985,65,junit5,0.1268,0,0,0
ctl_0151,post-cutoff,1923,99,junit4,0.4882,0,0,0
ctl_0152,post-cutoff,1382,92,junit5,0.5701,0,0,0
ctl_0153,post-cutoff,98,7,junit4,0.6569,0,0,0
ctl_0154,post-cutoff,395,14,junit5,0.6047,0,0,0
ctl_0155,post-cutoff,1511,85,junit5,0.6058,0,0,0
ctl_0156,post-cutoff,877,25,junit4,0.5413,0,0,0
ctl_0157,post-cutoff,1280,72,junit5,0.801,0,0,1
ctl_0158,post-cutoff,472,18,junit5,0.5749,0,0,0
ctl_0159,post-cutoff,164,6,junit5,0.801,0,0,1
ctl_0160,post-cutoff,282,14,junit4,0.6196,0,0,0
ctl_0161,post-cutoff,476,20,junit4,0.5567,0,0,0
ctl_0162,post-cutoff,443,30,junit5,0.6598,0,0,0
ctl_0163,post-cutoff,407,21,junit5,0.4031,0,0,0
ctl_0164,post-cutoff,458,23,junit4,0.6152,0,0,0
ctl_0165,post-cutoff,861,63,junit5,0.376,0,0,0
ctl_0166,post-cutoff,115,6,junit5,0.94,0,1,1
ctl_0167,post-cutoff,293,13,junit4,0.8371,0,1,1
ctl_0168,post-cutoff,710,25,junit4,0.5342,0,0,0
ctl_0169,post-cutoff,649,33,junit5,0.6662,0,0,0
ctl_0170,post-cutoff,2253,69,junit4,0.186,0,0,0
ctl_0171,post-cutoff,2949,73,junit5,0.6215,0,0,0
ctl_0172,post-cutoff,1236,64,junit5,0.1854,0,0,0
ctl_0173,post-cutoff,206,10,junit5,0.6315,0,0,0
ctl_0174,post-cutoff,532,48,junit4,0.2939,0,0,0
ctl_0175,post-cutoff,2410,91,junit5,0.3946,0,0,0
ctl_0176,post-cutoff,510,36,junit5,0.4644,0,0,0
ctl_0177,post-cutoff,4326,177,junit4,0.2289,0,0,0
ctl_0178,post-cutoff,549,26,junit5,0.6529,0,0,0
ctl_0179,post-cutoff,360,27,junit5,0.6612,0,0,0
ctl_0180,post-cutoff,718,46,junit4,0.5815,0,0,0
ctl_0181,post-cutoff,239,11,junit5,0.801,0,0,1
ctl_0182,post-cutoff,289,19,junit4,0.801,0,0,1
ctl_0183,post-cutoff,2502,89,junit5,0.2884,0,0,0
ctl_0184,post-cutoff,376,19,junit5,0.5084,0,0,0
ctl_0185,post-cutoff,3789,199,junit5,0.3163,0,0,0
ctl_0186,post-cutoff,483,26,junit5,0.6437,0,0,0
ctl_0187,post-cutoff,223,11,junit4,0.5633,0,0,0
ctl_0188,post-cutoff,646,36,junit4,0.3693,0,0,0
ctl_0189,post-cutoff,882,54,junit5,0.5198,0,0,0
ctl_0190,post-cutoff,310,24,junit5,0.5649,0,0,0
ctl_0191,post-cutoff,850,40,junit5,0.5131,0,0,0
ctl_0192,post-cutoff,1328,91,junit5,0.8247,0,1,1
ctl_0193,post-cutoff,1837,75,junit5,0.5936,0,0,0
ctl_0194,post-cutoff,749,49,junit4,0.4214,0,0,0
ctl_0195,post-cutoff,271,14,junit4,0.8228,0,1,1
ctl_0196,post-cutoff,497,30,junit4,0.4677,0,0,0
ctl_0197,post-cutoff,1019,28,junit5,0.4474,0,0,0
ctl_0198,post-cutoff,309,15,junit4,0.6721,0,0,0
ctl_0199,post-cutoff,1085,56,junit5,0.3222,0,0,0
ctl_0200,post-cutoff,3802,148,junit4,0.3357,0,0,0
ctl_0201,post-cutoff,397,24,junit5,0.5571,0,0,0
ctl_0202,post-cutoff,852,24,junit5,0.801,0,0,1
ctl_0203,post-cutoff,1176,38,junit5,0.3138,0,0,0
ctl_0204,post-cutoff,1856,52,junit5,0.4973,0,0,0
ctl_0205,post-cutoff,1270,43,junit5,0.4253,0,0,0
ctl_0206,post-cutoff,477,24,junit5,0.801,0,0,1
ctl_0207,post-cutoff,506,17,junit5,0.5583,0,0,0
ctl_0208,post-cutoff,2046,86,junit5,0.1117,0,0,0
ctl_0209,post-cutoff,5137,214,junit5,0.05,0,0,0
ctl_0210,post-cutoff,966,71,junit5,0.6215,0,0,0
ctl_0211,post-cutoff,572,34,junit5,0.5645,0,0,0
ctl_0212,post-cutoff,519,17,junit4,0.6368,0,0,0
ctl_0213,post-cutoff,632,37,junit4,0.5242,0,0,0
ctl_0214,post-cutoff,686,22,junit4,0.901,0,0,1
ctl_0215,post-cutoff,1269,64,junit5,0.5522,0,0,0
ctl_0216,post-cutoff,143,7,junit4,0.5738,0,0,0
ctl_0217,post-cutoff,586,25,junit4,0.5471,0,0,0
ctl_0218,post-cutoff,549,21,junit4,0.5418,0,0,0
ctl_0219,post-cutoff,728,28,junit4,0.801,0,0,1
ctl_0220,post-cutoff,1122,46,junit5,0.6603,0,0,0
ctl_0221,post-cutoff,1429,67,junit4,0.2216,0,0,0
ctl_0222,post-cutoff,1508,60,junit5,0.3138,0,0,0
ctl_0223,post-cutoff,1395,73,junit4,0.4896,0,0,0
ctl_0224,post-cutoff,224,15,junit5,0.507,0,0,0
ctl_0225,post-cutoff,316,24,junit5,0.626,0,0,0
ctl_0226,post-cutoff,1049,34,junit4,0.3365,0,0,0
ctl_0227,post-cutoff,116,5,junit5,0.9004,0,1,1
ctl_0228,post-cutoff,718,31,junit4,0.6032,0,0,0
ctl_0229,post-cutoff,939,32,junit4,0.4148,0,0,0
ctl_0230,post-cutoff,478,47,junit5,0.607,0,0,0
ctl_0231,post-cutoff,768,48,junit4,0.4955,0,0,0
ctl_0232,post-cutoff,3826,114,junit4,0.1675,0,0,0
ctl_0233,post-cutoff,370,18,junit4,0.801,0,0,1
ctl_0234,post-cutoff,780,32,junit4,0.2728,0,0,0
ctl_0235,post-cutoff,741,48,junit5,0.4971,0,0,0
ctl_0236,post-cutoff,938,51,junit4,0.6337,0,0,0
ctl_0237,post-cutoff,629,31,junit4,0.801,0,0,1
ctl_0238,post-cutoff,918,32,junit4,0.646,0,0,0
ctl_0239,post-cutoff,408,16,junit5,0.6198,0,0,0
ctl_0240,post-cutoff,512,29,junit5,0.4986,0,0,0
ctl_0241,post-cutoff,491,25,junit4,0.623,0,0,0
ctl_0242,post-cutoff,302,17,junit4,0.5865,0,0,0
ctl_0243,post-cutoff,202,12,junit5,0.6295,0,0,0
ctl_0244,post-cutoff,527,50,junit4,0.6066,0,0,0
ctl_0245,post-cutoff,1898,110,junit4,0.5555,0,0,0
ctl_0246,post-cutoff,2380,115,junit4,0.482,0,0,0
ctl_0247,post-cutoff,340,19,junit4,0.478,0,0,0
ctl_0248,post-cutoff,1317,77,junit4,0.3634,0,0,0
ctl_0249,post-cutoff,1745,54,junit5,0.3688,0,0,0
ctl_0250,post-cutoff,1074,36,junit4,0.2891,0,0,0
ctl_0251,post-cutoff,304,20,junit5,0.6481,0,0,0
ctl_0252,post-cutoff,1180,48,junit5,0.3693,0,0,0
ctl_0253,post-cutoff,1050,51,junit4,0.4381,0,0,0
ctl_0254,post-cutoff,136,6,junit4,0.6218,0,0,0
ctl_0255,post-cutoff,1207,73,junit5,0.801,0,0,1
ctl_0256,post-cutoff,494,30,junit5,0.4898,0,0,0
ctl_0257,post-cutoff,109,10,junit4,0.6414,0,0,0
ctl_0258,post-cutoff,351,16,junit4,0.3791,0,0,0
ctl_0259,post-cutoff,1178,57,junit4,0.801,0,0,1
ctl_0260,post-cutoff,477,27,junit5,0.6734,0,0,0
ctl_0261,post-cutoff,681,32,junit4,0.801,0,0,1
ctl_0262,post-cutoff,1372,109,junit4,0.4546,0,0,0
ctl_0263,post-cutoff,965,49,junit5,0.5262,0,0,0
ctl_0264,post-cutoff,5061,158,other,0.1666,0,0,0
ctl_0265,post-cutoff,346,21,junit4,0.5306,0,0,0
ctl_0266,post-cutoff,63,4,junit4,0.838,0,0,1
ctl_0267,post-cutoff,1399,42,junit5,0.4615,0,0,0
ctl_0268,post-cutoff,1271,88,junit4,0.4587,0,0,0
ctl_0269,post-cutoff,771,25,junit4,0.4161,0,0,0
ctl_0270,post-cutoff,818,39,junit5,0.5614,0,0,0
ctl_0271,post-cutoff,1198,85,junit5,0.4397,0,0,0
ctl_0272,post-cutoff,594,22,junit5,0.395,0,0,0
ctl_0273,post-cutoff,1226,78,junit5,0.5645,0,0,0
ctl_0274,post-cutoff,1670,106,junit4,0.3125,0,0,0
ctl_0275,post-cutoff,110,6,junit4,0.801,0,0,1
ctl_0276,post-cutoff,317,22,junit5,0.801,0,0,1
ctl_0277,post-cutoff,437,54,junit5,0.801,0,0,1
ctl_0278,post-cutoff,973,60,junit5,0.6346,0,0,0
ctl_0279,post-cutoff,915,60,junit4,0.5796,0,0,0
ctl_0280,post-cutoff,907,50,junit4,0.3253,0,0,0
ctl_0281,post-cutoff,1518,92,junit5,0.2612,0,0,0
ctl_0282,post-cutoff,279,18,junit4,0.4063,0,0,0
ctl_0283,post-cutoff,640,28,junit4,0.846,0,1,1
ctl_0284,post-cutoff,1287,70,junit4,0.4467,0,0,0
ctl_0285,post-cutoff,258,14,junit5,0.4286,0,0,0
ctl_0286,post-cutoff,859,51,other,0.4343,0,0,0
ctl_0287,post-cutoff,290,19,junit4,0.5328,0,0,0
ctl_0288,post-cutoff,171,8,junit4,0.6682,0,0,0
ctl_0289,post-cutoff,1921,98,junit4,0.2984,0,0,0
ctl_0290,post-cutoff,6594,138,junit5,0.1985,0,0,0
ctl_0291,post-cutoff,677,39,junit4,0.5752,0,0,0
ctl_0292,post-cutoff,281,21,junit4,0.801,0,0,1
ctl_0293,post-cutoff,172,12,junit4,0.6472,0,0,0
ctl_0294,post-cutoff,1424,73,junit5,0.3262,0,0,0
ctl_0295,post-cutoff,484,28,junit4,0.6635,0,0,0
ctl_0296,post-cutoff,1126,47,junit5,0.6097,0,0,0
ctl_0297,post-cutoff,377,26,junit4,0.5719,0,0,0
ctl_0298,post-cutoff,1717,106,junit4,0.3904,0,0,0
ctl_0299,post-cutoff,159,12,junit4,0.801,0,0,1
ctl_0300,post-cutoff,1451,72,junit5,0.801,0,0,1
ctl_0301,post-cutoff,1387,81,junit5,0.5461,0,0,0
ctl_0302,post-cutoff,1687,56,junit4,0.5639,0,0,0
ctl_0303,post-cutoff,2535,89,junit4,0.4798,0,0,0
ctl_0304,post-cutoff,135,12,junit4,0.801,0,0,1
ctl_0305,post-cutoff,647,44,junit5,0.6275,0,0,0
ctl_0306,post-cutoff,186,7,junit5,0.94,0,1,1
ctl_0307,post-cutoff,916,81,junit4,0.6661,0,0,0
ctl_0308,post-cutoff,1665,79,junit4,0.5044,0,0,0
ctl_0309,post-cutoff,874,41,junit4,0.6332,0,0,0
ctl_0310,post-cutoff,1030,68,junit5,0.527,0,0,0
ctl_0311,post-cutoff,1054,63,junit4,0.539,0,0,0
ctl_0312,post-cutoff,125,7,junit4,0.801,0,0,1
ctl_0313,post-cutoff,613,25,junit5,0.6112,0,0,0
ctl_0314,post-cutoff,518,22,junit4,0.5528,0,0,0
ctl_0315,post-cutoff,885,89,junit5,0.4268,0,0,0
ctl_0316,post-cutoff,265,19,junit5,0.5695,0,0,0
ctl_0317,post-cutoff,281,12,junit4,0.8482,0,1,1
ctl_0318,post-cutoff,1042,48,junit5,0.276,0,0,0
ctl_0319,post-cutoff,677,40,junit5,0.801,0,0,1
ctl_0320,post-cutoff,1634,65,junit5,0.2172,0,0,0
ctl_0321,post-cutoff,252,10,other,0.5672,0,0,0
ctl_0322,post-cutoff,1543,59,junit4,0.537,0,0,0
ctl_0323,post-cutoff,1461,44,junit4,0.5935,0,0,0
ctl_0324,post-cutoff,707,49,junit4,0.6107,0,0,0
ctl_0325,post-cutoff,727,58,junit4,0.4334,0,0,0
ctl_0326,post-cutoff,258,15,junit4,0.5918,0,0,0
ctl_0327,post-cutoff,618,20,junit4,0.4934,0,0,0
ctl_0328,post-cutoff,801,28,junit5,0.6348,0,0,0
ctl_0329,post-cutoff,3134,122,junit5,0.875,0,0,1
ctl_0330,post-cutoff,1583,67,junit5,0.801,0,0,1
ctl_0331,post-cutoff,685,34,junit4,0.6301,0,0,0
ctl_0332,post-cutoff,554,21,junit5,0.5094,0,0,0
ctl_0333,post-cutoff,2651,98,junit4,0.1287,0,0,0
ctl_0334,post-cutoff,4962,86,junit4,0.3224,0,0,0
ctl_0335,post-cutoff,589,36,junit4,0.5386,0,0,0
ctl_0336,post-cutoff,3228,208,junit5,0.2423,0,0,0
ctl_0337,post-cutoff,1061,79,junit4,0.3636,0,0,0
ctl_0338,post-cutoff,906,48,junit5,0.801,0,0,1
ctl_0339,post-cutoff,138,10,junit5,0.801,0,0,1
ctl_0340,post-cutoff,4631,169,junit5,0.3622,0,0,0
ctl_0341,post-cutoff,427,29,junit4,0.4117,0,0,0
ctl_0342,post-cutoff,151,13,junit5,0.801,0,0,1
ctl_0343,post-cutoff,2636,141,junit4,0.2862,0,0,0
ctl_0344,post-cutoff,5850,240,junit4,0.1338,0,0,0
ctl_0345,post-cutoff,1831,99,junit4,0.5592,0,0,0
ctl_0346,post-cutoff,1497,94,junit4,0.2517,0,0,0
ctl_0347,post-cutoff,581,32,junit5,0.3342,0,0,0
ctl_0348,post-cutoff,3254,130,junit5,0.4533,0,0,0
ctl_0349,post-cutoff,1207,70,junit5,0.4632,0,0,0
ctl_0350,post-cutoff,180,7,junit4,0.801,0,0,1
ctl_0351,post-cutoff,242,12,junit4,0.801,0,0,1
ctl_0352,post-cutoff,336,25,junit5,0.6352,0,0,0
ctl_0353,post-cutoff,781,37,junit4,0.4375,0,0,0
ctl_0354,post-cutoff,281,18,junit4,0.6771,0,0,0
ctl_0355,post-cutoff,1922,119,junit4,0.4404,0,0,0
ctl_0356,post-cutoff,430,29,junit5,0.5468,0,0,0
ctl_0357,post-cutoff,3489,113,junit4,0.3869,0,0,0
ctl_0358,post-cutoff,153,8,junit5,0.6224,0,0,0
ctl_0359,post-cutoff,1600,78,junit5,0.245,0,0,0
ctl_0360,post-cutoff,121,5,junit4,0.6363,0,0,0
ctl_0361,post-cutoff,1173,69,junit4,0.4211,0,0,0
ctl_0362,post-cutoff,1126,60,junit5,0.5532,0,0,0
ctl_0363,post-cutoff,86,4,junit5,0.928,0,1,1
ctl_0364,post-cutoff,536,26,junit4,0.6578,0,0,0
ctl_0365,post-cutoff,302,11,junit5,0.801,0,0,1
ctl_0366,post-cutoff,674,29,junit5,0.801,0,0,1
ctl_0367,post-cutoff,386,17,junit5,0.5957,0,0,0
ctl_0368,post-cutoff,279,11,junit4,0.4839,0,0,0
ctl_0369,post-cutoff,410,32,junit4,0.6413,0,0,0
ctl_0370,post-cutoff,1385,91,junit5,0.2313,0,0,0
ctl_0371,post-cutoff,144,8,junit4,0.801,0,0,1
ctl_0372,post-cutoff,513,25,junit4,0.801,0,0,1
ctl_0373,post-cutoff,509,31,junit5,0.5322,0,0,0
ctl_0374,post-cutoff,992,36,junit4,0.2848,0,0,0
ctl_0375,post-cutoff,116,7,junit4,0.8806,0,1,1
ctl_0376,post-cutoff,773,44,junit4,0.4349,0,0,0
ctl_0377,post-cutoff,3322,190,junit5,0.2649,0,0,0
ctl_0378,post-cutoff,1657,93,junit5,0.3021,0,0,0
ctl_0379,post-cutoff,2101,107,junit4,0.4207,0,0,0
ctl_0380,post-cutoff,518,27,junit5,0.3888,0,0,0
ctl_0381,post-cutoff,493,26,junit4,0.461,0,0,0
ctl_0382,post-cutoff,1674,66,junit5,0.1979,0,0,0
ctl_0383,post-cutoff,880,45,junit4,0.5491,0,0,0
ctl_0384,post-cutoff,912,32,junit4,0.3735,0,0,0
ctl_0385,post-cutoff,1470,116,other,0.4707,0,0,0
ctl_0386,post-cutoff,403,37,junit5,0.6609,0,0,0
ctl_0387,post-cutoff,5233,272,junit4,0.3755,0,0,0
ctl_0388,post-cutoff,229,7,junit4,0.6408,0,0,0
ctl_0389,post-cutoff,581,36,junit5,0.3259,0,0,0
ctl_0390,post-cutoff,446,28,junit5,0.801,0,0,1
ctl_0391,post-cutoff,861,32,junit4,0.5995,0,0,0
ctl_0392,post-cutoff,233,9,junit5,0.6457,0,0,0
ctl_0393,post-cutoff,1067,59,junit4,0.5514,0,0,0
ctl_0394,post-cutoff,4627,241,junit4,0.2869,0,0,0
ctl_0395,post-cutoff,1563,88,other,0.3481,0,0,0
ctl_0396,post-cutoff,142,8,junit4,0.801,0,0,1
ctl_0397,post-cutoff,136,14,junit4,0.653,0,0,0
ctl_0398,post-cutoff,713,54,junit5,0.5854,0,0,0
ctl_0399,post-cutoff,286,23,junit5,0.4926,0,0,0
ctl_0400,post-cutoff,250,16,junit4,0.5995,0,0,0
ctl_0401,post-cutoff,1132,41,junit5,0.6561,0,0,0
ctl_0402,post-cutoff,959,23,junit4,0.4881,0,0,0
ctl_0403,post-cutoff,4343,165,junit4,0.3945,0,0,0
ctl_0404,post-cutoff,659,17,junit4,0.676,0,0,0
ctl_0405,post-cutoff,124,6,junit4,0.6769,0,0,0
ctl_0406,post-cutoff,365,43,junit5,0.801,0,0,1
ctl_0407,post-cutoff,712,23,junit5,0.4556,0,0,0
ctl_0408,post-cutoff,993,35,junit5,0.5166,0,0,0
ctl_0409,post-cutoff,153,6,junit4,0.4911,0,0,0
ctl_0410,post-cutoff,1329,52,junit5,0.3276,0,0,0
ctl_0411,post-cutoff,989,65,junit5,0.5588,0,0,0
ctl_0412,post-cutoff,549,26,junit4,0.4725,0,0,0
ctl_0413,post-cutoff,432,20,junit4,0.6193,0,0,0
ctl_0414,post-cutoff,779,54,junit5,0.4368,0,0,0
ctl_0415,post-cutoff,3529,175,junit5,0.4338,0,0,0
ctl_0416,post-cutoff,297,11,junit5,0.5875,0,0,0
ctl_0417,post-cutoff,494,25,junit4,0.505,0,0,0
ctl_0418,post-cutoff,948,50,junit5,0.649,0,0,0
ctl_0419,post-cutoff,1573,59,junit5,0.6054,0,0,0
ctl_0420,post-cutoff,2398,97,junit5,0.2408,0,0,0
ctl_0421,post-cutoff,888,44,junit4,0.2393,0,0,0
ctl_0422,post-cutoff,552,34,junit5,0.6361,0,0,0
ctl_0423,post-cutoff,1286,44,junit4,0.5183,0,0,0
ctl_0424,post-cutoff,954,60,junit4,0.6522,0,0,0
ctl_0425,post-cutoff,880,34,junit4,0.5751,0,0,0
ctl_0426,post-cutoff,1493,98,junit5,0.4767,0,0,0
ctl_0427,post-cutoff,530,14,junit4,0.801,0,0,1
ctl_0428,post-cutoff,1129,41,junit5,0.5619,0,0,0
ctl_0429,post-cutoff,1275,71,junit5,0.5394,0,0,0
ctl_0430,post-cutoff,357,13,junit5,0.4289,0,0,0
ctl_0431,post-cutoff,389,13,junit4,0.801,0,0,1
ctl_0432,post-cutoff,518,15,junit4,0.5941,0,0,0
ctl_0433,post-cutoff,539,49,junit5,0.3629,0,0,0
ctl_0434,post-cutoff,1095,106,junit5,0.3666,0,0,0
ctl_0435,post-cutoff,737,32,junit4,0.4748,0,0,0
ctl_0436,post-cutoff,954,64,other,0.2742,0,0,0
ctl_0437,post-cutoff,306,17,junit4,0.4802,0,0,0
ctl_0438,post-cutoff,423,18,junit5,0.5878,0,0,0
ctl_0439,post-cutoff,233,9,other,0.5519,0,0,0
ctl_0440,post-cutoff,470,20,junit4,0.4928,0,0,0
ctl_0441,post-cutoff,857,29,junit4,0.4852,0,0,0
ctl_0442,post-cutoff,2028,61,junit4,0.4548,0,0,0
ctl_0443,post-cutoff,1684,105,junit4,0.3302,0,0,0
ctl_0444,post-cutoff,556,28,junit4,0.512,0,0,0
ctl_0445,post-cutoff,1235,48,junit4,0.3607,0,0,0
ctl_0446,post-cutoff,805,61,junit4,0.425,0,0,0
ctl_0447,post-cutoff,823,36,junit4,0.801,0,0,1
ctl_0448,post-cutoff,428,19,other,0.5174,0,0,0
ctl_0449,post-cutoff,860,55,junit4,0.4763,0,0,0
ctl_0450,post-cutoff,1065,50,junit5,0.3151,0,0,0
ctl_0451,post-cutoff,1462,47,junit5,0.5984,0,0,0
ctl_0452,post-cutoff,903,43,junit4,0.5047,0,0,0
ctl_0453,post-cutoff,2144,89,other,0.3966,0,0,0
ctl_0454,post-cutoff,3022,153,junit5,0.3423,0,0,0
ctl_0455,post-cutoff,498,19,junit4,0.6665,0,0,0
ctl_0456,post-cutoff,834,31,junit5,0.3186,0,0,0
ctl_0457,post-cutoff,1039,69,junit5,0.2153,0,0,0
ctl_0458,post-cutoff,437,25,junit5,0.5623,0,0,0
ctl_0459,post-cutoff,774,53,junit4,0.6414,0,0,0
ctl_0460,post-cutoff,2685,113,junit4,0.4953,0,0,0
ctl_0461,post-cutoff,675,35,junit4,0.4266,0,0,0
ctl_0462,post-cutoff,184,12,junit4,0.8023,0,0,1
ctl_0463,post-cutoff,2361,81,junit5,0.342,0,0,0
ctl_0464,post-cutoff,527,38,junit4,0.639,0,0,0
ctl_0465,post-cutoff,335,17,junit4,0.6323,0,0,0
ctl_0466,post-cutoff,175,13,junit4,0.801,0,0,1
ctl_0467,post-cutoff,905,31,junit5,0.4527,0,0,0
ctl_0468,post-cutoff,1712,62,other,0.3082,0,0,0
ctl_0469,post-cutoff,596,62,junit5,0.2437,0,0,0
ctl_0470,post-cutoff,2679,82,junit4,0.1809,0,0,0
ctl_0471,post-cutoff,266,13,junit5,0.801,0,0,1
ctl_0472,post-cutoff,854,51,other,0.801,0,0,1
ctl_0473,post-cutoff,502,27,junit5,0.6086,0,0,0
ctl_0474,post-cutoff,2062,69,junit5,0.801,0,0,1
ctl_0475,post-cutoff,1030,66,junit5,0.1658,0,0,0
ctl_0476,post-cutoff,791,43,junit5,0.5733,0,0,0
ctl_0477,post-cutoff,443,20,junit4,0.5554,0,0,0
ctl_0478,post-cutoff,1943,138,junit5,0.6093,0,0,0
ctl_0479,post-cutoff,2939,123,junit5,0.4679,0,0,0
ctl_0480,post-cutoff,965,57,junit5,0.4553,0,0,0
ctl_0481,post-cutoff,207,19,junit4,1.0,1,1,1
ctl_0482,post-cutoff,856,60,junit4,0.555,0,0,0
ctl_0483,post-cutoff,1592,52,junit5,0.8065,0,0,1
ctl_0484,post-cutoff,865,38,junit5,0.4519,0,0,0
ctl_0485,post-cutoff,558,41,junit5,0.8354,0,1,1
ctl_0486,post-cutoff,237,11,junit4,0.6184,0,0,0
ctl_0487,post-cutoff,908,88,junit5,0.4565,0,0,0
ctl_0488,post-cutoff,2827,108,junit4,0.2949,0,0,0
ctl_0489,post-cutoff,2790,146,junit4,0.3676,0,0,0
ctl_0490,post-cutoff,169,11,junit4,0.801,0,0,1
ctl_0491,post-cutoff,587,34,junit4,0.5204,0,0,0
ctl_0492,post-cutoff,1884,120,junit5,0.398,0,0,0
ctl_0493,post-cutoff,297,21,junit5,0.5513,0,0,0
ctl_0494,post-cutoff,276,19,junit5,0.4611,0,0,0
ctl_0495,post-cutoff,661,21,junit5,0.4497,0,0,0
ctl_0496,post-cutoff,5281,263,junit4,0.2017,0,0,0
ctl_0497,post-cutoff,897,26,junit4,0.946,0,0,1
ctl_0498,post-cutoff,4323,183,junit5,0.2659,0,0,0
ctl_0499,post-cutoff,1208,65,junit5,0.4353,0,0,0
ctl_0500,post-cutoff,463,19,junit5,0.5985,0,0,0
ctl_0501,post-cutoff,197,8,other,0.6339,0,0,0
ctl_0502,post-cutoff,680,43,junit5,0.4995,0,0,0
ctl_0503,post-cutoff,463,18,junit5,0.5946,0,0,0
ctl_0504,post-cutoff,1322,88,junit4,0.801,0,0,1
ctl_0505,post-cutoff,1026,37,junit5,0.8414,0,1,1
ctl_0506,post-cutoff,257,9,junit5,0.6116,0,0,0
ctl_0507,post-cutoff,1495,54,junit4,0.4651,0,0,0
ctl_0508,post-cutoff,1403,54,junit5,0.6442,0,0,0
ctl_0509,post-cutoff,795,68,junit4,0.3326,0,0,0
ctl_0510,post-cutoff,1037,63,junit5,0.3964,0,0,0
ctl_0511,post-cutoff,153,14,junit5,0.8993,0,1,1
ctl_0512,post-cutoff,1499,43,junit4,0.271,0,0,0
ctl_0513,post-cutoff,913,42,junit4,0.5228,0,0,0
ctl_0514,post-cutoff,308,16,junit4,0.801,0,0,1
ctl_0515,post-cutoff,781,38,junit4,0.4317,0,0,0
ctl_0516,post-cutoff,856,42,junit5,0.5043,0,0,0
ctl_0517,post-cutoff,716,27,junit4,0.3674,0,0,0
ctl_0518,post-cutoff,638,38,junit5,0.3853,0,0,0
ctl_0519,post-cutoff,649,24,junit5,0.801,0,0,1
ctl_0520,post-cutoff,200,8,junit4,0.801,0,0,1
ctl_0521,post-cutoff,1769,61,junit5,0.3727,0,0,0
ctl_0522,post-cutoff,2103,81,junit5,0.3076,0,0,0
ctl_0523,post-cutoff,1367,58,junit4,0.801,0,0,1
ctl_0524,post-cutoff,796,35,junit4,0.6112,0,0,0
ctl_0525,post-cutoff,2655,81,junit4,0.3368,0,0,0
ctl_0526,post-cutoff,583,24,junit4,0.4414,0,0,0
ctl_0527,post-cutoff,888,53,junit5,0.5323,0,0,0
ctl_0528,post-cutoff,363,21,junit4,0.801,0,0,1
ctl_0529,post-cutoff,1569,88,junit4,0.3397,0,0,0
ctl_0530,post-cutoff,243,21,junit4,0.801,0,0,1
ctl_0531,post-cutoff,3744,256,junit5,0.4061,0,0,0
ctl_0532,post-cutoff,1590,57,junit4,0.3303,0,0,0
ctl_0533,post-cutoff,416,19,junit5,0.4909,0,0,0
ctl_0534,post-cutoff,341,14,junit5,0.801,0,0,1
ctl_0535,post-cutoff,204,18,junit5,0.801,0,0,1
ctl_0536,post-cutoff,1160,62,junit4,0.5448,0,0,0
ctl_0537,post-cutoff,212,11,junit4,0.8552,0,1,1
ctl_0538,post-cutoff,1076,59,junit4,0.969,0,0,1
ctl_0539,post-cutoff,837,29,junit5,0.5365,0,0,0
ctl_0540,post-cutoff,492,26,junit4,0.3512,0,0,0
ctl_0541,post-cutoff,1008,84,junit5,0.4865,0,0,0
ctl_0542,post-cutoff,574,25,junit5,0.4974,0,0,0
ctl_0543,post-cutoff,1059,70,junit4,0.5007,0,0,0
ctl_0544,post-cutoff,959,68,junit5,0.3985,0,0,0
ctl_0545,post-cutoff,418,20,junit5,0.5903,0,0,0
ctl_0546,post-cutoff,138,6,junit4,0.6551,0,0,0
ctl_0547,post-cutoff,855,72,junit4,0.459,0,0,0
ctl_0548,post-cutoff,1776,86,junit5,0.5838,0,0,0
ctl_0549,post-cutoff,491,26,junit4,0.6657,0,0,0
ctl_0550,post-cutoff,270,25,junit5,0.6322,0,0,0
ctl_0551,post-cutoff,1046,44,junit5,0.801,0,0,1
ctl_0552,post-cutoff,2910,168,junit4,0.4433,0,0,0
ctl_0553,post-cutoff,1099,94,junit5,0.6062,0,0,0
ctl_0554,post-cutoff,602,29,junit4,0.3129,0,0,0
ctl_0555,post-cutoff,125,7,junit5,0.945,0,1,1
ctl_0556,post-cutoff,693,31,junit4,0.421,0,0,0
ctl_0557,post-cutoff,783,36,junit4,0.5321,0,0,0
ctl_0558,post-cutoff,903,50,other,0.4288,0,0,0
ctl_0559,post-cutoff,295,14,junit4,0.8889,0,1,1
ctl_0560,post-cutoff,432,27,junit4,0.4628,0,0,0
ctl_0561,post-cutoff,1190,63,junit5,0.1497,0,0,0
ctl_0562,post-cutoff,1926,140,junit5,0.2554,0,0,0
ctl_0563,post-cutoff,2866,210,junit4,0.178,0,0,0
ctl_0564,post-cutoff,929,74,junit5,0.3699,0,0,0
ctl_0565,post-cutoff,2245,89,junit5,0.3936,0,0,0
ctl_0566,post-cutoff,625,20,junit4,0.4685,0,0,0
ctl_0567,post-cutoff,812,31,junit4,0.5952,0,0,0
ctl_0568,post-cutoff,2005,79,other,0.0834,0,0,0
ctl_0569,post-cutoff,378,12,junit4,0.9491,0,1,1
ctl_0570,post-cutoff,901,29,junit4,0.8455,0,1,1
ctl_0571,post-cutoff,279,11,junit4,0.8207,0,1,1
ctl_0572,post-cutoff,2446,91,junit5,0.4116,0,0,0
ctl_0573,post-cutoff,2132,118,junit5,0.6129,0,0,0
ctl_0574,post-cutoff,1080,44,junit5,0.5279,0,0,0
ctl_0575,post-cutoff,1314,54,junit4,0.547,0,0,0
ctl_0576,post-cutoff,646,49,junit4,0.513,0,0,0
ctl_0577,post-cutoff,363,18,junit4,0.5462,0,0,0
ctl_0578,post-cutoff,374,20,junit4,0.900,0,0,1
ctl_0579,post-cutoff,998,40,junit4,0.6398,0,0,0
ctl_0580,post-cutoff,2176,74,junit5,0.3537,0,0,0
ctl_0581,post-cutoff,1781,51,junit4,0.259,0,0,0
ctl_0582,post-cutoff,1219,34,junit5,0.6518,0,0,0
ctl_0583,post-cutoff,848,23,junit4,0.801,0,0,1
ctl_0584,post-cutoff,308,15,junit4,0.9072,0,1,1
ctl_0585,post-cutoff,1037,90,junit4,0.4873,0,0,0
ctl_0586,post-cutoff,1116,36,junit4,0.1395,0,0,0
ctl_0587,post-cutoff,113,12,junit5,0.4868,0,0,0
ctl_0588,post-cutoff,363,17,junit5,0.6758,0,0,0
ctl_0589,post-cutoff,371,16,junit4,0.5647,0,0,0
ctl_0590,post-cutoff,995,47,junit4,0.4893,0,0,0
ctl_0591,post-cutoff,2745,101,junit5,0.0639,0,0,0
ctl_0592,post-cutoff,4671,133,junit4,0.05,0,0,0
ctl_0593,post-cutoff,672,38,junit4,0.801,0,0,1
ctl_0594,post-cutoff,1651,45,junit4,0.4456,0,0,0
ctl_0595,post-cutoff,944,47,junit5,0.2755,0,0,0
ctl_0596,post-cutoff,1306,79,junit4,0.4786,0,0,0
ctl_0597,post-cutoff,3347,105,junit4,0.545,0,0,0
ctl_0598,post-cutoff,879,48,junit5,0.5386,0,0,0
ctl_0599,post-cutoff,1254,75,junit4,0.6288,0,0,0
ctl_0600,private,816,60,junit5,0.481,0,0,0
ctl_0601,private,956,37,junit5,0.5781,0,0,0
ctl_0602,private,3650,152,junit4,0.4738,0,0,0
ctl_0603,private,2337,73,other,0.4499,0,0,0
ctl_0604,private,521,38,junit4,0.4665,0,0,0
ctl_0605,private,752,39,junit4,0.5485,0,0,0
ctl_0606,private,711,35,junit5,0.5384,0,0,0
ctl_0607,private,1187,46,junit4,0.4464,0,0,0
ctl_0608,private,1333,63,junit4,0.412,0,0,0
ctl_0609,private,2246,85,junit5,0.6238,0,0,0
ctl_0610,private,406,28,junit5,0.6362,0,0,0
ctl_0611,private,99,7,junit4,0.6466,0,0,0
ctl_0612,private,761,30,junit5,0.2533,0,0,0
ctl_0613,private,865,36,junit5,0.5407,0,0,0
ctl_0614,private,243,16,junit5,0.6075,0,0,0
ctl_0615,private,575,25,junit4,0.5837,0,0,0
ctl_0616,private,8468,295,junit5,0.2143,0,0,0
ctl_0617,private,263,26,junit5,0.801,0,0,1
ctl_0618,private,453,38,junit4,0.8183,0,1,1
ctl_0619,private,319,15,junit4,0.801,0,0,1
ctl_0620,private,275,11,junit5,0.4913,0,0,0
ctl_0621,private,153,16,junit4,0.5019,0,0,0
ctl_0622,private,447,22,junit4,0.6347,0,0,0
ctl_0623,private,1812,118,junit5,0.4274,0,0,0
ctl_0624,private,1501,58,junit5,0.4506,0,0,0
ctl_0625,private,527,36,junit5,0.4403,0,0,0
ctl_0626,private,1307,60,junit5,0.2988,0,0,0
ctl_0627,private,527,33,junit5,0.3325,0,0,0
ctl_0628,private,1406,64,junit5,0.441,0,0,0
ctl_0629,private,462,41,junit5,0.5989,0,0,0
ctl_0630,private,933,69,junit5,0.2819,0,0,0
ctl_0631,private,1310,38,junit5,0.4718,0,0,0
ctl_0632,private,1158,94,junit5,0.6135,0,0,0
ctl_0633,private,2268,83,junit5,0.2611,0,0,0
ctl_0634,private,1189,36,junit5,0.4091,0,0,0
ctl_0635,private,469,20,junit4,0.801,0,0,1
ctl_0636,private,4287,207,junit4,0.2309,0,0,0
ctl_0637,private,1424,62,junit5,0.4583,0,0,0
ctl_0638,private,3126,147,junit5,0.3147,0,0,0
ctl_0639,private,2094,138,junit4,0.557,0,0,0
ctl_0640,private,1258,92,junit5,0.3651,0,0,0
ctl_0641,private,1335,88,junit5,0.4732,0,0,0
ctl_0642,private,1072,54,junit4,0.3321,0,0,0
ctl_0643,private,1937,122,junit4,0.3832,0,0,0
ctl_0644,private,1737,58,junit5,0.4179,0,0,0
ctl_0645,private,664,49,junit4,0.6088,0,0,0
ctl_0646,private,703,37,junit5,0.6651,0,0,0
ctl_0647,private,1809,125,junit5,0.5462,0,0,0
ctl_0648,private,5144,144,junit4,0.1938,0,0,0
ctl_0649,private,4923,204,junit5,0.1465,0,0,0
ctl_0650,private,608,19,junit4,0.5034,0,0,0
ctl_0651,private,223,13,junit4,0.6143,0,0,0
ctl_0652,private,389,20,other,0.6225,0,0,0
ctl_0653,private,58,6,junit4,0.8137,0,1,1
ctl_0654,private,945,59,other,0.4155,0,0,0
ctl_0655,private,251,13,junit5,0.6563,0,0,0
ctl_0656,private,55,5,junit4,1.0,1,1,1
ctl_0657,private,297,20,junit5,0.5004,0,0,0
ctl_0658,private,207,19,junit5,0.6518,0,0,0
ctl_0659,private,2169,111,junit4,0.2435,0,0,0
ctl_0660,private,1898,106,junit4,0.3699,0,0,0
ctl_0661,private,380,18,junit4,0.5978,0,0,0
ctl_0662,private,2272,83,junit4,0.3648,0,0,0
ctl_0663,private,1633,28,junit4,0.457,0,0,0
ctl_0664,private,798,35,junit5,0.4969,0,0,0
ctl_0665,private,606,66,junit5,0.5106,0,0,0
ctl_0666,private,2585,109,junit4,0.4736,0,0,0
ctl_0667,private,616,22,junit5,0.801,0,0,1
ctl_0668,private,4497,261,junit5,0.2722,0,0,0
ctl_0669,private,1231,55,junit4,0.4189,0,0,0
ctl_0670,private,75,5,junit4,0.8038,0,0,1
ctl_0671,private,647,29,junit5,0.4583,0,0,0
ctl_0672,private,2834,185,junit5,0.5662,0,0,0
ctl_0673,private,4175,214,junit4,0.2164,0,0,0
ctl_0674,private,1737,99,junit4,0.4577,0,0,0
ctl_0675,private,269,17,junit5,0.5511,0,0,0
ctl_0676,private,1044,38,junit4,0.652,0,0,0
ctl_0677,private,654,25,junit4,0.4236,0,0,0
ctl_0678,private,2813,87,junit5,0.2908,0,0,0
ctl_0679,private,210,10,junit4,0.8101,0,1,1
ctl_0680,private,313,17,junit4,0.4024,0,0,0
ctl_0681,private,936,43,junit4,0.2852,0,0,0
ctl_0682,private,240,14,junit5,0.5359,0,0,0
ctl_0683,private,1014,68,junit5,0.432,0,0,0
ctl_0684,private,729,32,junit4,0.3551,0,0,0
ctl_0685,private,827,58,junit5,0.644,0,0,0
ctl_0686,private,296,14,junit4,0.5372,0,0,0
ctl_0687,private,198,11,junit4,0.937,0,1,1
ctl_0688,private,494,18,junit4,0.5282,0,0,0
ctl_0689,private,2270,99,junit5,0.2672,0,0,0
ctl_0690,private,1093,66,junit4,0.2185,0,0,0
ctl_0691,private,223,10,junit5,0.6357,0,0,0
ctl_0692,private,872,37,junit5,0.424,0,0,0
ctl_0693,private,833,75,junit4,0.6733,0,0,0
ctl_0694,private,1205,51,junit4,0.5965,0,0,0
ctl_0695,private,631,28,junit5,0.5728,0,0,0
ctl_0696,private,860,28,junit5,0.6189,0,0,0
ctl_0697,private,290,12,junit5,0.801,0,0,1
ctl_0698,private,4858,197,junit4,0.1065,0,0,0
ctl_0699,private,1988,274,junit5,0.2588,0,0,0
ctl_0700,private,668,28,junit4,0.5954,0,0,0
ctl_0701,private,309,13,junit4,0.6324,0,0,0
ctl_0702,private,548,27,junit5,0.801,0,0,1
ctl_0703,private,2003,90,junit4,0.2653,0,0,0
ctl_0704,private,154,10,junit4,0.6561,0,0,0
ctl_0705,private,773,46,junit4,0.5863,0,0,0
ctl_0706,private,693,65,junit4,0.4853,0,0,0
ctl_0707,private,2543,122,junit5,0.4625,0,0,0
ctl_0708,private,3743,110,junit4,0.333,0,0,0
ctl_0709,private,179,10,junit5,0.8491,0,1,1
ctl_0710,private,3653,109,other,0.1735,0,0,0
ctl_0711,private,4167,193,junit5,0.511,0,0,0
ctl_0712,private,1020,51,junit4,0.4658,0,0,0
ctl_0713,private,549,33,junit4,0.5255,0,0,0
ctl_0714,private,707,36,junit4,0.6095,0,0,0
ctl_0715,private,341,10,junit5,0.801,0,0,1
ctl_0716,private,966,55,junit4,0.5778,0,0,0
ctl_0717,private,5689,137,junit4,0.3982,0,0,0
ctl_0718,private,1079,26,junit5,0.8808,0,1,1
ctl_0719,private,1752,58,junit5,0.6086,0,0,0
ctl_0720,private,446,19,junit4,0.801,0,0,1
ctl_0721,private,2235,58,junit4,0.4417,0,0,0
ctl_0722,private,1719,102,junit5,0.801,0,0,1
ctl_0723,private,316,31,junit5,0.9539,0,1,1
ctl_0724,private,176,8,junit4,0.801,0,0,1
ctl_0725,private,1731,66,junit4,0.5737,0,0,0
ctl_0726,private,3630,213,junit4,0.3658,0,0,0
ctl_0727,private,480,33,junit5,0.65,0,0,0
ctl_0728,private,2932,270,junit4,0.2326,0,0,0
ctl_0729,private,316,17,junit4,0.801,0,0,1
ctl_0730,private,1835,117,junit4,0.4435,0,0,0
ctl_0731,private,1846,106,junit4,0.231,0,0,0
ctl_0732,private,848,64,junit4,0.5132,0,0,0
ctl_0733,private,1669,78,junit5,0.563,0,0,0
ctl_0734,private,692,46,junit4,0.4919,0,0,0
ctl_0735,private,51,2,junit4,0.8688,0,1,1
ctl_0736,private,1315,82,junit4,0.278,0,0,0
ctl_0737,private,5641,201,junit5,0.4341,0,0,0
ctl_0738,private,2415,166,junit5,0.2447,0,0,0
ctl_0739,private,267,9,junit5,0.3285,0,0,0
ctl_0740,private,1824,100,junit4,0.4051,0,0,0
ctl_0741,private,224,12,junit4,0.6181,0,0,0
ctl_0742,private,482,23,junit5,0.5314,0,0,0
ctl_0743,private,502,26,junit5,0.6399,0,0,0
ctl_0744,private,1382,105,junit5,0.5356,0,0,0
ctl_0745,private,975,51,junit4,0.801,0,0,1
ctl_0746,private,235,10,junit4,0.8983,0,1,1
ctl_0747,private,1150,63,junit4,0.373,0,0,0
ctl_0748,private,461,40,junit4,0.4153,0,0,0
ctl_0749,private,228,7,junit5,0.6648,0,0,0
ctl_0750,private,901,41,junit5,0.6413,0,0,0
ctl_0751,private,4206,122,junit4,0.2817,0,0,0
ctl_0752,private,283,23,junit4,0.5895,0,0,0
ctl_0753,private,765,40,junit4,0.4825,0,0,0
ctl_0754,private,1880,67,junit5,0.6586,0,0,0
ctl_0755,private,1398,90,junit4,0.5669,0,0,0
ctl_0756,private,1381,74,junit5,0.5387,0,0,0
ctl_0757,private,557,18,junit5,0.801,0,0,1
ctl_0758,private,2166,91,junit4,0.442,0,0,0
ctl_0759,private,318,16,junit4,0.4875,0,0,0
ctl_0760,private,1502,44,junit5,0.4192,0,0,0
ctl_0761,private,871,51,junit5,0.4264,0,0,0
ctl_0762,private,259,14,junit4,0.801,0,0,1
ctl_0763,private,518,18,junit5,0.801,0,0,1
ctl_0764,private,3503,231,junit5,0.3248,0,0,0
ctl_0765,private,949,60,junit5,0.3845,0,0,0
ctl_0766,private,3784,115,junit4,0.3697,0,0,0
ctl_0767,private,5083,269,junit4,0.2529,0,0,0
ctl_0768,private,2437,105,other,0.6159,0,0,0
ctl_0769,private,1087,45,junit4,0.3577,0,0,0
ctl_0770,private,843,39,junit4,0.2732,0,0,0
ctl_0771,private,469,33,junit4,0.5496,0,0,0
ctl_0772,private,2127,78,other,0.2681,0,0,0
ctl_0773,private,552,33,junit5,0.803,0,0,1
ctl_0774,private,2340,67,junit5,0.2619,0,0,0
ctl_0775,private,1181,76,junit4,0.5446,0,0,0
ctl_0776,private,747,38,junit5,0.801,0,0,1
ctl_0777,private,1357,98,junit4,0.457,0,0,0
ctl_0778,private,1034,46,junit4,0.5402,0,0,0
ctl_0779,private,579,30,junit5,0.801,0,0,1
ctl_0780,private,470,26,junit4,0.9169,0,1,1
ctl_0781,private,1365,43,junit4,0.4063,0,0,0
ctl_0782,private,691,20,junit5,0.801,0,0,1
ctl_0783,private,349,36,junit5,0.6779,0,0,0
ctl_0784,private,680,42,junit4,0.801,0,0,1
ctl_0785,private,153,9,junit5,0.8099,0,1,1
ctl_0786,private,377,21,junit5,0.801,0,0,1
ctl_0787,private,93,7,junit4,0.6692,0,0,0
ctl_0788,private,313,11,junit5,0.5631,0,0,0
ctl_0789,private,314,21,junit5,0.639,0,0,0
ctl_0790,private,4392,84,junit5,0.4248,0,0,0
ctl_0791,private,1359,84,junit5,0.3914,0,0,0
ctl_0792,private,1401,71,other,0.4084,0,0,0
ctl_0793,private,474,54,junit5,0.5995,0,0,0
ctl_0794,private,275,18,junit4,0.583,0,0,0
ctl_0795,private,859,61,junit4,0.6193,0,0,0
ctl_0796,private,912,53,junit5,0.3531,0,0,0
ctl_0797,private,577,25,junit4,0.3516,0,0,0
ctl_0798,private,989,43,junit5,0.4595,0,0,0
ctl_0799,private,294,18,junit5,0.6133,0,0,0
ctl_0800,private,2437,151,junit4,0.5259,0,0,0
ctl_0801,private,299,25,junit4,0.801,0,0,1
ctl_0802,private,1570,69,junit5,0.4433,0,0,0
ctl_0803,private,1273,81,junit5,0.4591,0,0,0
ctl_0804,private,715,55,junit4,0.3309,0,0,0
ctl_0805,private,468,26,junit5,0.801,0,0,1
ctl_0806,private,129,19,junit5,0.4934,0,0,0
ctl_0807,private,602,44,junit5,0.5585,0,0,0
ctl_0808,private,717,38,junit4,0.5627,0,0,0
ctl_0809,private,1978,100,junit4,0.4773,0,0,0
ctl_0810,private,762,50,junit4,0.3114,0,0,0
ctl_0811,private,183,14,other,0.801,0,0,1
ctl_0812,private,2401,74,junit4,0.2851,0,0,0
ctl_0813,private,4741,245,junit5,0.3908,0,0,0
ctl_0814,private,2094,128,junit5,0.5564,0,0,0
ctl_0815,private,313,16,junit4,0.8657,0,1,1
ctl_0816,private,382,21,junit4,0.801,0,0,1
ctl_0817,private,1679,75,junit4,0.454,0,0,0
ctl_0818,private,140,13,junit5,0.801,0,0,1
ctl_0819,private,562,35,junit4,0.5472,0,0,0
ctl_0820,private,457,30,junit5,0.5224,0,0,0
ctl_0821,private,411,22,junit4,0.3138,0,0,0
ctl_0822,private,584,27,junit5,0.5296,0,0,0
ctl_0823,private,1480,87,junit5,0.4467,0,0,0
ctl_0824,private,2025,106,junit4,0.3137,0,0,0
ctl_0825,private,586,35,junit4,0.4996,0,0,0
ctl_0826,private,489,28,junit4,0.6608,0,0,0
ctl_0827,private,1909,79,junit4,0.4112,0,0,0
ctl_0828,private,1077,42,junit5,0.4443,0,0,0
ctl_0829,private,348,15,junit4,0.4096,0,0,0
ctl_0830,private,430,32,junit4,0.5589,0,0,0
ctl_0831,private,1739,33,junit5,0.632,0,0,0
ctl_0832,private,639,31,junit4,0.5777,0,0,0
ctl_0833,private,100,4,junit4,0.8989,0,1,1
ctl_0834,private,1046,34,junit4,0.3123,0,0,0
ctl_0835,private,444,24,junit4,0.4367,0,0,0
ctl_0836,private,597,31,junit4,0.801,0,0,1
ctl_0837,private,868,23,junit4,0.4612,0,0,0
ctl_0838,private,1245,56,junit5,0.2918,0,0,0
ctl_0839,private,831,37,junit4,0.5144,0,0,0
ctl_0840,private,457,16,junit4,0.6184,0,0,0
ctl_0841,private,287,25,junit5,0.4531,0,0,0
ctl_0842,private,401,19,junit5,0.801,0,0,1
ctl_0843,private,549,24,junit5,0.5621,0,0,0
ctl_0844,private,378,26,junit4,0.5206,0,0,0
ctl_0845,private,543,25,junit5,0.801,0,0,1
ctl_0846,private,1679,77,junit5,0.3174,0,0,0
ctl_0847,private,1312,57,junit5,0.4488,0,0,0
ctl_0848,private,1279,77,junit4,0.5252,0,0,0
ctl_0849,private,2388,179,junit5,0.3305,0,0,0
ctl_0850,private,126,9,junit4,0.8166,0,1,1
ctl_0851,private,1453,99,junit4,0.1965,0,0,0
ctl_0852,private,633,30,junit4,0.4603,0,0,0
ctl_0853,private,45,3,junit5,0.8931,0,1,1
ctl_0854,private,494,22,junit5,0.6209,0,0,0
ctl_0855,private,227,13,junit5,0.5997,0,0,0
ctl_0856,private,2627,93,junit5,0.3119,0,0,0
ctl_0857,private,2118,83,junit4,0.4128,0,0,0
ctl_0858,private,3667,112,junit4,0.4199,0,0,0
ctl_0859,private,1000,40,junit4,0.431,0,0,0
ctl_0860,private,484,40,junit4,0.6002,0,0,0
ctl_0861,private,1010,56,junit5,0.4449,0,0,0
ctl_0862,private,602,39,junit5,0.801,0,0,1
ctl_0863,private,654,36,junit5,0.5451,0,0,0
ctl_0864,private,4450,152,junit5,0.2333,0,0,0
ctl_0865,private,1586,68,junit5,0.6169,0,0,0
ctl_0866,private,691,42,junit4,0.4887,0,0,0
ctl_0867,private,425,18,junit4,0.4016,0,0,0
ctl_0868,private,733,41,junit4,0.5296,0,0,0
ctl_0869,private,2824,106,junit4,0.3111,0,0,0
ctl_0870,private,282,29,junit5,0.801,0,0,1
ctl_0871,private,470,20,junit4,0.5872,0,0,0
ctl_0872,private,862,40,junit5,0.6569,0,0,0
ctl_0873,private,1038,37,junit5,0.4324,0,0,0
ctl_0874,private,605,37,junit5,0.665,0,0,0
ctl_0875,private,2485,147,junit4,0.3257,0,0,0
ctl_0876,private,717,60,junit4,0.4369,0,0,0
ctl_0877,private,4342,182,junit5,0.4033,0,0,0
ctl_0878,private,667,40,junit5,0.801,0,0,1
ctl_0879,private,769,34,junit5,0.5611,0,0,0
ctl_0880,private,865,47,junit5,0.2897,0,0,0
ctl_0881,private,209,16,junit4,0.493,0,0,0
ctl_0882,private,29,2,junit4,0.801,0,0,1
ctl_0883,private,2788,98,junit4,0.2764,0,0,0
ctl_0884,private,2182,106,junit4,0.4264,0,0,0
ctl_0885,private,630,42,junit4,0.58,0,0,0
ctl_0886,private,1104,58,junit4,0.4285,0,0,0
ctl_0887,private,642,31,junit4,0.4671,0,0,0
ctl_0888,private,1879,83,junit4,0.4753,0,0,0
ctl_0889,private,700,33,junit4,0.4424,0,0,0
ctl_0890,private,1966,75,junit4,0.3295,0,0,0
ctl_0891,private,616,27,junit4,0.6329,0,0,0
ctl_0892,private,1064,73,other,0.5456,0,0,0
ctl_0893,private,894,59,junit4,0.532,0,0,0
ctl_0894,private,1012,51,junit5,0.5762,0,0,0
ctl_0895,private,385,14,junit5,0.6053,0,0,0
ctl_0896,private,868,23,junit4,0.5332,0,0,0
ctl_0897,private,671,61,junit5,0.5282,0,0,0
ctl_0898,private,70,7,junit5,0.8866,0,1,1
ctl_0899,private,162,12,junit4,0.4501,0,0,0
ctl_0900,private,807,39,junit4,0.5369,0,0,0
ctl_0901,private,1376,93,junit4,0.5426,0,0,0
ctl_0902,private,272,27,junit4,0.8702,0,1,1
ctl_0903,private,42,5,junit5,0.801,0,0,1
ctl_0904,private,779,62,junit4,0.2488,0,0,0
ctl_0905,private,1441,47,junit4,0.5996,0,0,0
ctl_0906,private,537,35,junit4,0.6252,0,0,0
ctl_0907,private,243,15,junit4,0.6494,0,0,0
ctl_0908,private,1704,42,other,0.4721,0,0,0
ctl_0909,private,3000,175,junit5,0.549,0,0,0
ctl_0910,private,924,41,junit4,0.6507,0,0,0
ctl_0911,private,312,20,junit5,0.5915,0,0,0
ctl_0912,private,165,11,junit5,0.8372,0,1,1
ctl_0913,private,328,14,junit5,0.801,0,0,1
ctl_0914,private,464,28,junit4,0.4303,0,0,0
ctl_0915,private,239,13,junit5,0.4589,0,0,0
ctl_0916,private,637,46,junit5,0.6326,0,0,0
ctl_0917,private,972,49,junit5,0.3982,0,0,0
ctl_0918,private,3879,179,junit4,0.3104,0,0,0
ctl_0919,private,1695,75,junit5,0.3449,0,0,0
ctl_0920,private,6764,278,junit4,0.05,0,0,0
ctl_0921,private,2073,76,junit5,0.1526,0,0,0
ctl_0922,private,5906,199,junit5,0.05,0,0,0
ctl_0923,private,924,85,junit5,0.4162,0,0,0
ctl_0924,private,464,40,junit4,0.4891,0,0,0
ctl_0925,private,742,24,junit5,0.5828,0,0,0
ctl_0926,private,1250,89,junit5,0.295,0,0,0
ctl_0927,private,1005,33,junit4,0.801,0,0,1
ctl_0928,private,1432,62,junit4,0.4879,0,0,0
ctl_0929,private,878,46,junit5,0.5087,0,0,0
ctl_0930,private,2326,124,other,0.6702,0,0,0
ctl_0931,private,96,5,junit4,0.9071,0,1,1
ctl_0932,private,1559,81,junit4,0.5876,0,0,0
ctl_0933,private,1415,32,junit5,0.613,0,0,0
ctl_0934,private,109,7,junit4,0.6425,0,0,0
ctl_0935,private,468,40,junit4,0.2201,0,0,0
ctl_0936,private,2147,147,junit5,0.465,0,0,0
ctl_0937,private,807,29,junit4,0.66,0,0,0
ctl_0938,private,1938,86,junit4,0.4545,0,0,0
ctl_0939,private,788,51,junit4,0.4791,0,0,0
ctl_0940,private,802,40,junit5,0.5362,0,0,0
ctl_0941,private,667,36,junit4,0.5847,0,0,0
ctl_0942,private,597,27,junit4,0.8437,0,1,1
ctl_0943,private,692,33,junit5,0.5507,0,0,0
ctl_0944,private,268,9,junit4,0.801,0,0,1
ctl_0945,private,1222,42,junit5,0.4802,0,0,0
ctl_0946,private,440,21,junit4,0.5789,0,0,0
ctl_0947,private,680,25,junit4,0.5132,0,0,0
ctl_0948,private,1672,43,junit4,0.2982,0,0,0
ctl_0949,private,398,20,junit4,0.5354,0,0,0
ctl_0950,private,119,5,junit5,1.0,1,1,1
ctl_0951,private,225,13,junit5,0.801,0,0,1
ctl_0952,private,164,21,junit4,0.5844,0,0,0
ctl_0953,private,805,34,junit5,0.451,0,0,0
ctl_0954,private,515,31,junit5,0.5313,0,0,0
ctl_0955,private,1152,59,junit4,0.3868,0,0,0
ctl_0956,private,325,29,junit5,0.801,0,0,1
ctl_0957,private,527,24,junit4,0.3907,0,0,0
ctl_0958,private,391,28,junit4,0.801,0,0,1
ctl_0959,private,1444,85,junit4,0.5836,0,0,0
ctl_0960,private,1356,132,junit5,0.3989,0,0,0
ctl_0961,private,2010,92,junit4,0.6034,0,0,0
ctl_0962,private,1276,70,junit4,0.5463,0,0,0
ctl_0963,private,1649,90,junit4,0.4879,0,0,0
ctl_0964,private,315,17,junit5,0.8179,0,1,1
ctl_0965,private,2347,128,junit4,0.3423,0,0,0
ctl_0966,private,348,15,junit4,0.5416,0,0,0
ctl_0967,private,728,26,junit4,0.6537,0,0,0
ctl_0968,private,588,17,junit4,0.4297,0,0,0
ctl_0969,private,307,19,junit4,0.8256,0,1,1
ctl_0970,private,945,64,junit4,0.8582,0,1,1
ctl_0971,private,1740,87,junit5,0.2893,0,0,0
ctl_0972,private,1625,75,junit5,0.2906,0,0,0
ctl_0973,private,564,28,junit4,0.4965,0,0,0
ctl_0974,private,1180,49,junit5,0.4656,0,0,0
ctl_0975,private,116,5,junit5,0.6273,0,0,0
ctl_0976,private,656,29,junit5,0.579,0,0,0
ctl_0977,private,1246,64,junit4,0.4061,0,0,0
ctl_0978,private,398,23,junit5,0.9192,0,1,1
ctl_0979,private,3764,133,junit5,0.05,0,0,0
ctl_0980,private,261,16,junit4,0.4869,0,0,0
ctl_0981,private,1098,56,junit5,0.3418,0,0,0
ctl_0982,private,529,38,junit4,0.5822,0,0,0
ctl_0983,private,300,21,junit4,0.5974,0,0,0
ctl_0984,private,797,43,junit4,0.2938,0,0,0
ctl_0985,private,2496,82,junit4,0.1866,0,0,0
ctl_0986,private,726,50,junit4,0.5401,0,0,0
ctl_0987,private,1850,142,junit5,0.4111,0,0,0
ctl_0988,private,2934,145,junit4,0.4607,0,0,0
ctl_0989,private,2399,97,junit4,0.322,0,0,0
ctl_0990,private,1253,38,junit4,0.3834,0,0,0
ctl_0991,private,6681,272,junit4,0.1081,0,0,0
ctl_0992,private,392,22,junit4,0.5436,0,0,0
ctl_0993,private,504,33,junit5,0.3661,0,0,0
ctl_0994,private,527,18,junit4,0.801,0,0,1
ctl_0995,private,569,29,junit5,0.5652,0,0,0
ctl_0996,private,1384,72,junit4,0.5945,0,0,0
ctl_0997,private,275,20,junit4,0.5909,0,0,0
ctl_0998,private,411,28,junit4,0.6377,0,0,0
ctl_0999,private,770,37,junit4,0.5817,0,0,0
ctl_1000,private,97,7,junit5,0.9192,0,1,1
ctl_1001,private,1269,104,junit4,0.5059,0,0,0
ctl_1002,private,1049,98,junit4,0.6223,0,0,0
ctl_1003,private,1094,67,junit4,0.3672,0,0,0
ctl_1004,private,1010,35,junit4,0.5359,0,0,0
ctl_1005,private,277,23,junit4,0.801,0,0,1
ctl_1006,private,1054,74,junit5,0.2271,0,0,0
ctl_1007,private,380,17,junit4,0.801,0,0,1
ctl_1008,private,368,20,junit4,0.6126,0,0,0
ctl_1009,private,705,34,junit4,0.6031,0,0,0
ctl_1010,private,1087,34,junit5,0.4283,0,0,0
ctl_1011,private,1830,62,junit5,0.3724,0,0,0
ctl_1012,private,896,34,junit4,0.4472,0,0,0
ctl_1013,private,2373,105,junit4,0.5691,0,0,0
ctl_1014,private,378,18,junit4,0.5778,0,0,0
ctl_1015,private,1052,60,other,0.6073,0,0,0
ctl_1016,private,401,22,junit4,0.392,0,0,0
ctl_1017,private,1693,149,junit5,0.4853,0,0,0
ctl_1018,private,394,38,junit4,0.6034,0,0,0
ctl_1019,private,1579,59,junit4,0.3719,0,0,0
ctl_1020,private,1749,77,junit4,0.4691,0,0,0
ctl_1021,private,195,11,junit5,0.707,0,0,0
ctl_1022,private,691,39,junit4,0.6808,0,0,0
ctl_1023,private,1696,62,junit4,0.3152,0,0,0
ctl_1024,private,1381,63,junit4,0.5022,0,0,0
ctl_1025,private,160,9,junit5,0.8298,0,1,1
ctl_1026,private,895,40,junit4,0.5185,0,0,0
ctl_1027,private,2471,130,junit5,0.278,0,0,0
ctl_1028,private,1411,43,junit5,0.4326,0,0,0
ctl_1029,private,136,11,junit4,0.967,0,1,1
ctl_1030,private,377,43,junit4,0.5858,0,0,0
ctl_1031,private,250,13,junit4,0.5066,0,0,0
ctl_1032,private,406,16,junit4,0.9566,0,1,1
ctl_1033,private,2143,125,junit4,0.5966,0,0,0
ctl_1034,private,2370,132,junit5,0.3659,0,0,0
ctl_1035,private,774,52,junit5,0.4819,0,0,0
ctl_1036,private,801,41,junit5,0.651,0,0,0
ctl_1037,private,586,20,junit5,0.3651,0,0,0
ctl_1038,private,1156,57,junit4,0.6321,0,0,0
ctl_1039,private,1952,59,junit5,0.5467,0,0,0
ctl_1040,private,1141,34,junit5,0.583,0,0,0
ctl_1041,private,953,52,junit5,0.4617,0,0,0
ctl_1042,private,438,35,junit4,0.2894,0,0,0
ctl_1043,private,6727,216,junit5,0.4593,0,0,0
ctl_1044,private,392,42,junit5,0.4086,0,0,0
ctl_1045,private,1037,44,junit4,0.5561,0,0,0
ctl_1046,private,324,8,junit4,0.291,0,0,0
ctl_1047,private,2002,84,junit4,0.0604,0,0,0
ctl_1048,private,497,22,junit5,0.6076,0,0,0
ctl_1049,private,2455,107,junit4,0.4293,0,0,0
ctl_1050,private,205,10,other,0.851,0,0,1
ctl_1051,private,353,17,junit5,0.5879,0,0,0
ctl_1052,private,406,23,junit4,0.5667,0,0,0
ctl_1053,private,847,25,junit5,0.4913,0,0,0
ctl_1054,private,572,30,junit4,0.548,0,0,0
ctl_1055,private,3219,128,junit4,0.2488,0,0,0
ctl_1056,private,3121,113,junit4,0.3981,0,0,0
ctl_1057,private,1329,81,junit4,0.5143,0,0,0
ctl_1058,private,663,28,junit4,0.5323,0,0,0
ctl_1059,private,344,29,junit5,0.4502,0,0,0
ctl_1060,private,572,35,junit4,0.3653,0,0,0
ctl_1061,private,1306,54,junit4,0.4147,0,0,0
ctl_1062,private,4703,133,junit4,0.3031,0,0,0
ctl_1063,private,5136,193,junit5,0.1262,0,0,0
ctl_1064,private,1013,48,junit4,0.5164,0,0,0
ctl_1065,private,441,33,junit5,0.6259,0,0,0
ctl_1066,private,1193,44,junit4,0.5032,0,0,0
ctl_1067,private,1106,55,junit4,0.6671,0,0,0
ctl_1068,private,859,38,junit4,0.674,0,0,0
ctl_1069,private,525,19,junit4,0.5604,0,0,0
ctl_1070,private,600,47,junit5,0.3464,0,0,0
ctl_1071,private,2252,72,junit4,0.5141,0,0,0
ctl_1072,private,143,10,junit5,0.889,0,1,1
ctl_1073,private,3905,207,junit5,0.0535,0,0,0
ctl_1074,private,455,20,junit4,0.5274,0,0,0
ctl_1075,private,1284,101,junit4,0.4843,0,0,0
ctl_1076,private,340,31,junit5,0.5156,0,0,0
ctl_1077,private,694,34,junit4,0.4503,0,0,0
ctl_1078,private,412,19,junit5,0.463,0,0,0
ctl_1079,private,327,20,junit4,0.755,0,0,0
ctl_1080,private,678,48,junit5,0.4834,0,0,0
ctl_1081,private,1849,74,junit5,0.6116,0,0,0
ctl_1082,private,650,31,junit5,0.2579,0,0,0
ctl_1083,private,458,19,junit4,0.621,0,0,0
ctl_1084,private,797,90,junit4,0.1988,0,0,0
ctl_1085,private,1038,44,junit4,0.4796,0,0,0
ctl_1086,private,482,27,junit5,0.8539,0,1,1
ctl_1087,private,313,21,junit4,0.579,0,0,0
ctl_1088,private,169,13,junit4,0.550,0,0,0
ctl_1089,private,2512,133,junit4,0.4003,0,0,0
ctl_1090,private,950,38,junit4,0.543,0,0,0
ctl_1091,private,282,15,junit4,0.6118,0,0,0
ctl_1092,private,766,34,junit4,0.5032,0,0,0
ctl_1093,private,129,14,junit4,0.9323,0,1,1
ctl_1094,private,1465,53,junit4,0.3222,0,0,0
ctl_1095,private,248,15,junit5,0.6551,0,0,0
ctl_1096,private,417,23,junit4,0.6719,0,0,0
ctl_1097,private,1466,44,junit4,0.4536,0,0,0
ctl_1098,private,2330,83,other,0.5442,0,0,0
ctl_1099,private,682,33,junit4,0.4902,0,0,0
ctl_1100,synthetic,2084,111,junit4,0.2537,0,0,0
ctl_1101,synthetic,1869,117,junit4,0.6257,0,0,0
ctl_1102,synthetic,861,27,junit5,0.3618,0,0,0
ctl_1103,synthetic,405,35,junit4,0.5218,0,0,0
ctl_1104,synthetic,733,24,other,0.3788,0,0,0
ctl_1105,synthetic,1929,70,junit4,0.5283,0,0,0
ctl_1106,synthetic,491,24,other,0.801,0,0,1
ctl_1107,synthetic,403,21,junit4,0.801,0,0,1
ctl_1108,synthetic,1324,46,junit4,0.4084,0,0,0
ctl_1109,synthetic,1129,81,junit4,0.4012,0,0,0
ctl_1110,synthetic,3890,147,junit5,0.3273,0,0,0
ctl_1111,synthetic,779,45,junit4,0.5443,0,0,0
ctl_1112,synthetic,1236,48,junit5,0.5065,0,0,0
ctl_1113,synthetic,1000,72,junit4,0.3433,0,0,0
ctl_1114,synthetic,825,65,junit5,0.5896,0,0,0
ctl_1115,synthetic,64,4,junit4,0.8292,0,1,1
ctl_1116,synthetic,666,44,junit5,0.3705,0,0,0
ctl_1117,synthetic,986,56,junit5,0.3023,0,0,0
ctl_1118,synthetic,3104,222,junit5,0.2619,0,0,0
ctl_1119,synthetic,689,38,junit5,0.5733,0,0,0
ctl_1120,synthetic,311,19,junit4,0.3281,0,0,0
ctl_1121,synthetic,794,25,junit4,0.6731,0,0,0
ctl_1122,synthetic,1679,77,junit4,0.427,0,0,0
ctl_1123,synthetic,1798,74,junit5,0.4119,0,0,0
ctl_1124,synthetic,1068,30,junit4,0.4918,0,0,0
ctl_1125,synthetic,228,16,junit5,0.9939,0,1,1
ctl_1126,synthetic,643,29,junit5,0.801,0,0,1
ctl_1127,synthetic,575,24,junit5,0.3922,0,0,0
ctl_1128,synthetic,918,60,junit4,0.3024,0,0,0
ctl_1129,synthetic,789,25,junit4,0.481,0,0,0
ctl_1130,synthetic,1114,41,junit4,0.801,0,0,1
ctl_1131,synthetic,1508,92,junit4,0.2057,0,0,0
ctl_1132,synthetic,2388,108,junit5,0.3101,0,0,0
ctl_1133,synthetic,232,15,junit5,0.4505,0,0,0
ctl_1134,synthetic,607,26,junit5,0.487,0,0,0
ctl_1135,synthetic,1173,34,junit4,0.4783,0,0,0
ctl_1136,synthetic,1802,123,junit4,0.2677,0,0,0
ctl_1137,synthetic,1718,84,junit4,0.5567,0,0,0
ctl_1138,synthetic,2392,97,junit5,0.3528,0,0,0
ctl_1139,synthetic,2015,137,junit4,0.2775,0,0,0
ctl_1140,synthetic,635,35,other,0.5124,0,0,0
ctl_1141,synthetic,500,30,other,0.3036,0,0,0
ctl_1142,synthetic,790,60,junit5,0.3314,0,0,0
ctl_1143,synthetic,1210,105,junit4,0.3313,0,0,0
ctl_1144,synthetic,1322,86,junit4,0.2936,0,0,0
ctl_1145,synthetic,1644,85,junit5,0.2601,0,0,0
ctl_1146,synthetic,183,12,junit4,0.801,0,0,1
ctl_1147,synthetic,1402,68,junit4,0.0584,0,0,0
ctl_1148,synthetic,701,29,junit4,0.637,0,0,0
ctl_1149,synthetic,4548,236,junit5,0.2552,0,0,0
ctl_1150,synthetic,1285,49,junit5,0.389,0,0,0
ctl_1151,synthetic,1631,103,junit5,0.5072,0,0,0
ctl_1152,synthetic,123,8,junit4,0.801,0,0,1
ctl_1153,synthetic,901,64,junit4,0.4675,0,0,0
ctl_1154,synthetic,265,14,junit4,0.5157,0,0,0
ctl_1155,synthetic,736,32,junit5,0.801,0,0,1
ctl_1156,synthetic,264,13,junit5,0.6549,0,0,0
ctl_1157,synthetic,1297,32,junit4,0.801,0,0,1
ctl_1158,synthetic,826,29,junit4,0.801,0,0,1
ctl_1159,synthetic,3580,180,junit4,0.1795,0,0,0
ctl_1160,synthetic,406,17,junit4,0.801,0,0,1
ctl_1161,synthetic,987,40,junit4,0.512,0,0,0
ctl_1162,synthetic,407,27,junit5,0.4032,0,0,0
ctl_1163,synthetic,1425,105,junit4,0.5981,0,0,0
ctl_1164,synthetic,497,26,junit4,0.6213,0,0,0
ctl_1165,synthetic,508,26,junit5,0.5181,0,0,0
ctl_1166,synthetic,300,24,junit5,0.801,0,0,1
ctl_1167,synthetic,1790,98,junit5,0.1633,0,0,0
ctl_1168,synthetic,3366,149,junit5,0.05,0,0,0
ctl_1169,synthetic,54,3,junit4,0.8476,0,1,1
ctl_1170,synthetic,906,52,junit5,0.515,0,0,0
ctl_1171,synthetic,261,15,junit5,0.801,0,0,1
ctl_1172,synthetic,2191,63,junit4,0.2384,0,0,0
ctl_1173,synthetic,932,43,junit5,0.405,0,0,0
ctl_1174,synthetic,501,32,junit4,0.5807,0,0,0
ctl_1175,synthetic,377,21,junit4,0.5992,0,0,0
ctl_1176,synthetic,1217,41,junit5,0.5245,0,0,0
ctl_1177,synthetic,624,30,junit4,0.5488,0,0,0
ctl_1178,synthetic,868,31,junit4,0.4726,0,0,0
ctl_1179,synthetic,3788,143,junit4,0.4294,0,0,0
ctl_1180,synthetic,217,13,junit4,0.801,0,0,1
ctl_1181,synthetic,1696,77,junit4,0.6048,0,0,0
ctl_1182,synthetic,272,18,junit4,0.6757,0,0,0
ctl_1183,synthetic,869,45,junit5,0.3751,0,0,0
ctl_1184,synthetic,546,54,junit4,0.6004,0,0,0
ctl_1185,synthetic,1843,136,junit5,0.3437,0,0,0
ctl_1186,synthetic,583,40,junit4,0.5109,0,0,0
ctl_1187,synthetic,1881,76,other,0.5084,0,0,0
ctl_1188,synthetic,392,22,junit4,0.4464,0,0,0
ctl_1189,synthetic,1283,55,junit4,0.801,0,0,1
ctl_1190,synthetic,1901,46,junit4,0.517,0,0,0
ctl_1191,synthetic,818,38,junit5,0.801,0,0,1
ctl_1192,synthetic,1118,47,junit4,0.4814,0,0,0
ctl_1193,synthetic,1815,140,junit5,0.2907,0,0,0
ctl_1194,synthetic,771,31,junit4,0.5847,0,0,0
ctl_1195,synthetic,625,38,junit5,0.801,0,0,1
ctl_1196,synthetic,1485,81,junit5,0.281,0,0,0
ctl_1197,synthetic,387,24,junit4,0.801,0,0,1
ctl_1198,synthetic,972,65,junit4,0.2505,0,0,0
ctl_1199,synthetic,339,17,junit4,0.6041,0,0,0
ctl_1200,synthetic,145,8,junit4,0.6789,0,0,0
ctl_1201,synthetic,3389,158,junit5,0.3425,0,0,0
ctl_1202,synthetic,1649,100,junit4,0.4701,0,0,0
ctl_1203,synthetic,281,21,junit4,0.5452,0,0,0
ctl_1204,synthetic,848,51,junit5,0.4725,0,0,0
ctl_1205,synthetic,405,20,junit5,0.6169,0,0,0
ctl_1206,synthetic,4026,118,junit4,0.4914,0,0,0
ctl_1207,synthetic,635,36,junit5,0.6012,0,0,0
ctl_1208,synthetic,50,3,junit4,0.995,0,1,1
ctl_1209,synthetic,598,26,other,0.3705,0,0,0
ctl_1210,synthetic,1592,95,junit4,0.459,0,0,0
ctl_1211,synthetic,2861,111,junit5,0.1649,0,0,0
ctl_1212,synthetic,623,38,junit5,0.801,0,0,1
ctl_1213,synthetic,676,27,junit5,0.801,0,0,1
ctl_1214,synthetic,2383,92,junit5,0.4595,0,0,0
ctl_1215,synthetic,967,42,junit5,0.463,0,0,0
ctl_1216,synthetic,657,32,junit4,0.3607,0,0,0
ctl_1217,synthetic,1653,106,junit4,0.4336,0,0,0
ctl_1218,synthetic,5952,361,junit5,0.499,0,0,0
ctl_1219,synthetic,292,26,junit4,0.801,0,0,1
ctl_1220,synthetic,1053,32,junit4,0.406,0,0,0
ctl_1221,synthetic,967,57,junit4,0.531,0,0,0
ctl_1222,synthetic,1354,63,junit5,0.4575,0,0,0
ctl_1223,synthetic,12689,493,junit5,0.0574,0,0,0
ctl_1224,synthetic,399,12,junit4,0.6286,0,0,0
ctl_1225,synthetic,281,16,junit4,0.8462,0,1,1
ctl_1226,synthetic,1368,71,junit4,0.605,0,0,0
ctl_1227,synthetic,137,9,junit5,0.801,0,0,1
ctl_1228,synthetic,795,39,junit4,0.3765,0,0,0
ctl_1229,synthetic,278,11,junit5,0.801,0,0,1
ctl_1230,synthetic,1212,38,junit5,0.1465,0,0,0
ctl_1231,synthetic,747,39,junit5,0.597,0,0,0
ctl_1232,synthetic,1961,75,junit5,0.3811,0,0,0
ctl_1233,synthetic,992,66,junit4,0.3374,0,0,0
ctl_1234,synthetic,518,38,junit5,0.5732,0,0,0
ctl_1235,synthetic,867,25,junit4,0.4812,0,0,0
ctl_1236,synthetic,2005,70,junit5,0.5258,0,0,0
ctl_1237,synthetic,397,33,junit4,0.984,0,0,1
ctl_1238,synthetic,1062,56,junit4,0.3981,0,0,0
ctl_1239,synthetic,1874,114,junit4,0.205,0,0,0
ctl_1240,synthetic,1943,113,junit5,0.617,0,0,0
ctl_1241,synthetic,624,27,junit4,0.4456,0,0,0
ctl_1242,synthetic,1239,39,junit5,0.3901,0,0,0
ctl_1243,synthetic,120,8,junit5,0.8932,0,1,1
ctl_1244,synthetic,422,35,other,0.801,0,0,1
ctl_1245,synthetic,287,26,junit5,0.5199,0,0,0
ctl_1246,synthetic,630,49,junit4,0.3352,0,0,0
ctl_1247,synthetic,2123,54,junit4,0.2554,0,0,0
ctl_1248,synthetic,902,74,junit4,0.3946,0,0,0
ctl_1249,synthetic,423,17,junit5,0.4176,0,0,0
ctl_1250,synthetic,766,34,junit5,0.6545,0,0,0
ctl_1251,synthetic,3713,124,junit5,0.3802,0,0,0
ctl_1252,synthetic,982,58,junit5,0.5937,0,0,0
ctl_1253,synthetic,2286,134,junit5,0.376,0,0,0
ctl_1254,synthetic,1170,66,junit4,0.5077,0,0,0
ctl_1255,synthetic,970,37,junit4,0.5161,0,0,0
ctl_1256,synthetic,1888,146,junit5,0.4411,0,0,0
ctl_1257,synthetic,8624,485,junit4,0.3719,0,0,0
ctl_1258,synthetic,985,49,junit4,0.5274,0,0,0
ctl_1259,synthetic,1232,56,junit4,0.3155,0,0,0
ctl_1260,synthetic,340,21,junit5,0.801,0,0,1
ctl_1261,synthetic,1421,78,junit5,0.6731,0,0,0
ctl_1262,synthetic,492,26,junit4,0.423,0,0,0
ctl_1263,synthetic,759,50,junit5,0.5592,0,0,0
ctl_1264,synthetic,632,54,junit4,0.801,0,0,1
ctl_1265,synthetic,1939,73,junit5,0.4056,0,0,0
ctl_1266,synthetic,372,46,junit4,0.5512,0,0,0
ctl_1267,synthetic,7146,332,junit4,0.3177,0,0,0
ctl_1268,synthetic,678,37,junit5,0.6247,0,0,0
ctl_1269,synthetic,990,39,junit5,0.4004,0,0,0
ctl_1270,synthetic,845,54,junit4,0.801,0,0,1
ctl_1271,synthetic,923,36,other,0.5036,0,0,0
ctl_1272,synthetic,545,51,junit4,0.6203,0,0,0
ctl_1273,synthetic,1884,102,junit4,0.3433,0,0,0
ctl_1274,synthetic,503,12,junit5,0.5305,0,0,0
ctl_1275,synthetic,1927,99,junit4,0.5761,0,0,0
ctl_1276,synthetic,4645,207,junit4,0.1302,0,0,0
ctl_1277,synthetic,767,31,junit4,0.537,0,0,0
ctl_1278,synthetic,1482,49,junit5,0.6091,0,0,0
ctl_1279,synthetic,1121,79,junit5,0.2866,0,0,0
ctl_1280,synthetic,1774,64,junit4,0.1689,0,0,0
ctl_1281,synthetic,471,21,junit5,0.801,0,0,1
ctl_1282,synthetic,394,23,junit4,0.5253,0,0,0
ctl_1283,synthetic,508,36,junit4,0.6498,0,0,0
ctl_1284,synthetic,892,56,junit4,0.6247,0,0,0
ctl_1285,synthetic,1329,78,junit4,0.2706,0,0,0
ctl_1286,synthetic,1359,44,junit4,0.8373,0,1,1
ctl_1287,synthetic,358,20,junit4,0.4597,0,0,0
ctl_1288,synthetic,1125,71,junit5,0.3983,0,0,0
ctl_1289,synthetic,1439,69,junit4,0.3994,0,0,0
ctl_1290,synthetic,2101,98,junit4,0.6068,0,0,0
ctl_1291,synthetic,1761,129,junit5,0.4449,0,0,0
ctl_1292,synthetic,2259,83,junit5,0.406,0,0,0
ctl_1293,synthetic,741,34,junit5,0.639,0,0,0
ctl_1294,synthetic,241,15,junit4,0.801,0,0,1
ctl_1295,synthetic,386,21,junit4,0.5791,0,0,0
ctl_1296,synthetic,562,27,junit5,0.801,0,0,1
ctl_1297,synthetic,152,9,junit5,0.5555,0,0,0
ctl_1298,synthetic,546,15,junit5,0.5423,0,0,0
ctl_1299,synthetic,302,14,junit5,0.853,0,1,1
ctl_1300,synthetic,331,12,junit5,0.801,0,0,1
ctl_1301,synthetic,661,38,junit4,0.5349,0,0,0
ctl_1302,synthetic,1560,52,junit5,0.3415,0,0,0
ctl_1303,synthetic,650,31,junit5,0.4004,0,0,0
ctl_1304,synthetic,457,22,junit4,0.6746,0,0,0
ctl_1305,synthetic,746,44,junit4,0.6636,0,0,0
ctl_1306,synthetic,545,27,junit4,0.801,0,0,1
ctl_1307,synthetic,238,19,junit4,0.801,0,0,1
ctl_1308,synthetic,774,56,junit4,0.5218,0,0,0
ctl_1309,synthetic,666,32,junit4,0.2209,0,0,0
ctl_1310,synthetic,984,32,junit5,0.2602,0,0,0
ctl_1311,synthetic,1983,98,junit4,0.801,0,0,1
ctl_1312,synthetic,711,42,junit5,0.64,0,0,0
ctl_1313,synthetic,352,18,junit5,0.643,0,0,0
ctl_1314,synthetic,444,31,other,0.4639,0,0,0
ctl_1315,synthetic,1661,61,junit4,0.1699,0,0,0
ctl_1316,synthetic,423,30,junit5,0.6495,0,0,0
ctl_1317,synthetic,1026,44,junit4,0.2979,0,0,0
ctl_1318,synthetic,2264,100,junit4,0.3315,0,0,0
ctl_1319,synthetic,157,10,junit5,0.801,0,0,1
ctl_1320,synthetic,770,43,junit5,0.5259,0,0,0
ctl_1321,synthetic,917,55,junit4,0.8579,0,1,1
ctl_1322,synthetic,288,14,junit5,0.6605,0,0,0
ctl_1323,synthetic,647,24,junit5,0.6169,0,0,0
ctl_1324,synthetic,4062,116,other,0.3533,0,0,0
ctl_1325,synthetic,303,18,junit5,0.5348,0,0,0
ctl_1326,synthetic,436,23,junit4,0.329,0,0,0
ctl_1327,synthetic,1302,91,junit4,0.4701,0,0,0
ctl_1328,synthetic,570,23,junit4,0.6479,0,0,0
ctl_1329,synthetic,1894,89,junit5,0.3678,0,0,0
ctl_1330,synthetic,376,22,junit4,0.642,0,0,0
ctl_1331,synthetic,1020,43,junit5,0.2469,0,0,0
ctl_1332,synthetic,591,19,junit5,0.496,0,0,0
ctl_1333,synthetic,360,28,junit4,0.6729,0,0,0
ctl_1334,synthetic,682,28,junit5,0.5085,0,0,0
ctl_1335,synthetic,1292,60,junit4,0.3764,0,0,0
ctl_1336,synthetic,448,33,other,0.5727,0,0,0
ctl_1337,synthetic,1926,77,junit5,0.4106,0,0,0
ctl_1338,synthetic,518,24,junit4,0.5884,0,0,0
ctl_1339,synthetic,267,19,junit5,0.865,0,1,1
ctl_1340,synthetic,1223,80,junit4,0.6022,0,0,0
ctl_1341,synthetic,478,31,junit4,0.3261,0,0,0
ctl_1342,synthetic,461,24,junit4,0.801,0,0,1
ctl_1343,synthetic,1045,71,junit5,0.2733,0,0,0
ctl_1344,synthetic,900,23,junit4,0.431,0,0,0
ctl_1345,synthetic,478,28,junit4,0.6664,0,0,0
ctl_1346,synthetic,1068,56,junit5,0.3327,0,0,0
ctl_1347,synthetic,718,37,junit4,0.801,0,0,1
ctl_1348,synthetic,653,42,junit5,0.5539,0,0,0
ctl_1349,synthetic,1300,65,junit5,0.6242,0,0,0
ctl_1350,synthetic,1095,43,junit5,0.4324,0,0,0
ctl_1351,synthetic,371,20,junit4,0.6563,0,0,0
ctl_1352,synthetic,622,34,junit5,0.4433,0,0,0
ctl_1353,synthetic,545,25,junit4,0.5009,0,0,0
ctl_1354,synthetic,501,29,junit4,0.4732,0,0,0
ctl_1355,synthetic,304,9,junit5,0.6616,0,0,0
ctl_1356,synthetic,1773,118,other,0.3741,0,0,0
ctl_1357,synthetic,756,31,junit5,0.4645,0,0,0
ctl_1358,synthetic,450,32,junit5,0.5847,0,0,0
ctl_1359,synthetic,3683,198,junit4,0.1185,0,0,0
ctl_1360,synthetic,945,45,junit4,0.5714,0,0,0
ctl_1361,synthetic,862,47,junit4,0.5694,0,0,0
ctl_1362,synthetic,3097,151,junit5,0.1213,0,0,0
ctl_1363,synthetic,705,28,other,0.5003,0,0,0
ctl_1364,synthetic,698,35,junit5,0.5835,0,0,0
ctl_1365,synthetic,406,35,junit4,0.4607,0,0,0
ctl_1366,synthetic,1156,76,junit4,0.6037,0,0,0
ctl_1367,synthetic,1736,90,junit5,0.4376,0,0,0
ctl_1368,synthetic,1164,42,junit4,0.4652,0,0,0
ctl_1369,synthetic,1986,57,junit5,0.801,0,0,1
ctl_1370,synthetic,188,12,junit4,0.801,0,0,1
ctl_1371,synthetic,469,24,junit4,0.4631,0,0,0
ctl_1372,synthetic,572,36,junit4,0.5418,0,0,0
ctl_1373,synthetic,1682,67,junit4,0.3542,0,0,0
ctl_1374,synthetic,261,19,junit5,0.8385,0,1,1
ctl_1375,synthetic,355,19,junit4,0.6218,0,0,0
ctl_1376,synthetic,1369,63,junit5,0.554,0,0,0
ctl_1377,synthetic,1459,63,junit4,0.3993,0,0,0
ctl_1378,synthetic,1268,92,junit4,0.4367,0,0,0
ctl_1379,synthetic,764,62,junit4,0.2429,0,0,0
ctl_1380,synthetic,692,40,junit5,0.801,0,0,1
ctl_1381,synthetic,395,19,junit4,0.801,0,0,1
ctl_1382,synthetic,547,16,junit4,0.52,0,0,0
ctl_1383,synthetic,878,40,junit5,0.514,0,0,0
ctl_1384,synthetic,1394,58,junit5,0.3055,0,0,0
ctl_1385,synthetic,1730,78,junit4,0.5112,0,0,0
ctl_1386,synthetic,398,17,junit4,0.6638,0,0,0
ctl_1387,synthetic,2038,96,junit4,0.6242,0,0,0
ctl_1388,synthetic,833,24,junit4,0.4561,0,0,0
ctl_1389,synthetic,551,21,junit4,0.6743,0,0,0
ctl_1390,synthetic,1014,42,junit5,0.3131,0,0,0
ctl_1391,synthetic,390,27,junit5,0.6417,0,0,0
ctl_1392,synthetic,141,9,junit5,0.6601,0,0,0
ctl_1393,synthetic,167,9,junit5,0.657,0,0,0
ctl_1394,synthetic,2412,124,junit5,0.4868,0,0,0
ctl_1395,synthetic,2409,110,junit4,0.5938,0,0,0
ctl_1396,synthetic,771,31,junit5,0.4236,0,0,0
ctl_1397,synthetic,836,78,junit4,0.5466,0,0,0
ctl_1398,synthetic,1110,41,junit5,0.3485,0,0,0
ctl_1399,synthetic,2963,102,junit4,0.5309,0,0,0
ctl_1400,synthetic,187,5,junit4,0.801,0,0,1
ctl_1401,synthetic,1797,60,junit4,0.443,0,0,0
ctl_1402,synthetic,3231,129,junit5,0.3828,0,0,0
ctl_1403,synthetic,779,32,junit4,0.2632,0,0,0
ctl_1404,synthetic,3010,107,junit4,0.3261,0,0,0
ctl_1405,synthetic,548,27,junit4,0.3683,0,0,0
ctl_1406,synthetic,2468,165,junit5,0.237,0,0,0
ctl_1407,synthetic,2313,61,junit4,0.2096,0,0,0
ctl_1408,synthetic,1167,93,junit5,0.6364,0,0,0
ctl_1409,synthetic,7358,227,junit5,0.1355,0,0,0
ctl_1410,synthetic,1566,59,junit4,0.4221,0,0,0
ctl_1411,synthetic,696,33,junit4,0.234,0,0,0
ctl_1412,synthetic,739,26,junit5,0.4559,0,0,0
ctl_1413,synthetic,561,23,junit4,0.485,0,0,0
ctl_1414,synthetic,1588,68,junit5,0.2678,0,0,0
ctl_1415,synthetic,139,9,junit4,0.8689,0,1,1
ctl_1416,synthetic,979,70,junit5,0.4479,0,0,0
ctl_1417,synthetic,647,29,junit5,0.801,0,0,1
ctl_1418,synthetic,374,21,junit5,0.5695,0,0,0
ctl_1419,synthetic,417,23,junit5,0.8406,0,1,1
ctl_1420,synthetic,2869,118,junit5,0.4497,0,0,0
ctl_1421,synthetic,704,28,junit4,0.4213,0,0,0
ctl_1422,synthetic,254,16,junit4,0.5355,0,0,0
ctl_1423,synthetic,1032,65,junit5,0.2928,0,0,0
ctl_1424,synthetic,708,29,junit4,0.801,0,0,1
ctl_1425,synthetic,172,6,junit4,0.801,0,0,1
ctl_1426,synthetic,915,47,junit5,0.6151,0,0,0
ctl_1427,synthetic,629,21,junit5,0.6708,0,0,0
ctl_1428,synthetic,4708,174,junit4,0.2864,0,0,0
ctl_1429,synthetic,5915,255,junit5,0.1617,0,0,0
ctl_1430,synthetic,1463,74,junit5,0.3276,0,0,0
ctl_1431,synthetic,1470,80,other,0.5654,0,0,0
ctl_1432,synthetic,920,53,junit4,0.3862,0,0,0
ctl_1433,synthetic,2161,99,junit5,0.2059,0,0,0
ctl_1434,synthetic,1350,50,junit4,0.3709,0,0,0
ctl_1435,synthetic,201,13,junit4,0.5523,0,0,0
ctl_1436,synthetic,3273,76,other,0.3521,0,0,0
ctl_1437,synthetic,1761,70,junit5,0.2623,0,0,0
ctl_1438,synthetic,1256,68,junit5,0.855,0,1,1
ctl_1439,synthetic,775,24,junit4,0.6172,0,0,0
ctl_1440,synthetic,2072,57,junit4,0.1726,0,0,0
ctl_1441,synthetic,1302,78,other,0.6181,0,0,0
ctl_1442,synthetic,431,21,junit5,0.801,0,0,1
ctl_1443,synthetic,1106,47,junit4,0.2423,0,0,0
ctl_1444,synthetic,323,24,junit5,0.5499,0,0,0
ctl_1445,synthetic,391,22,junit5,0.5724,0,0,0
ctl_1446,synthetic,1525,49,junit5,0.5198,0,0,0
ctl_1447,synthetic,674,33,junit4,0.675,0,0,0
ctl_1448,synthetic,2870,201,junit4,0.1446,0,0,0
ctl_1449,synthetic,645,23,junit4,0.4541,0,0,0
ctl_1450,synthetic,872,54,junit4,0.4141,0,0,0
ctl_1451,synthetic,603,40,junit5,0.5075,0,0,0
ctl_1452,synthetic,497,30,junit5,0.4095,0,0,0
ctl_1453,synthetic,671,28,junit4,0.3719,0,0,0
ctl_1454,synthetic,2984,102,junit4,0.4756,0,0,0
ctl_1455,synthetic,872,27,junit5,0.2713,0,0,0
ctl_1456,synthetic,507,27,junit5,0.4644,0,0,0
ctl_1457,synthetic,6339,506,junit4,0.2658,0,0,0
ctl_1458,synthetic,1036,42,junit4,0.5995,0,0,0
ctl_1459,synthetic,632,43,junit4,0.6362,0,0,0
ctl_1460,synthetic,545,27,junit4,0.3555,0,0,0
ctl_1461,synthetic,2319,137,junit4,0.4436,0,0,0
ctl_1462,synthetic,2095,116,junit5,0.3655,0,0,0
ctl_1463,synthetic,416,29,junit5,0.579,0,0,0
ctl_1464,synthetic,656,39,junit5,0.4472,0,0,0
ctl_1465,synthetic,270,9,other,0.6459,0,0,0
ctl_1466,synthetic,770,39,junit4,0.4564,0,0,0
ctl_1467,synthetic,5029,174,junit5,0.2796,0,0,0
ctl_1468,synthetic,708,59,junit4,0.4672,0,0,0
ctl_1469,synthetic,364,19,junit4,0.5243,0,0,0
ctl_1470,synthetic,6525,248,junit4,0.0813,0,0,0
ctl_1471,synthetic,1454,54,junit5,0.4699,0,0,0
ctl_1472,synthetic,2086,92,junit5,0.2489,0,0,0
ctl_1473,synthetic,202,8,junit5,0.801,0,0,1
ctl_1474,synthetic,968,58,junit4,0.3058,0,0,0
ctl_1475,synthetic,2659,123,junit4,0.4267,0,0,0
ctl_1476,synthetic,1495,121,junit4,0.2614,0,0,0
ctl_1477,synthetic,392,13,junit4,0.801,0,0,1
ctl_1478,synthetic,2149,41,junit5,0.097,0,0,0
ctl_1479,synthetic,407,26,junit5,0.4992,0,0,0
ctl_1480,synthetic,243,15,junit4,0.801,0,0,1
ctl_1481,synthetic,838,19,junit5,0.4489,0,0,0
ctl_1482,synthetic,1282,43,junit4,0.4854,0,0,0
ctl_1483,synthetic,1306,104,junit5,0.3448,0,0,0
ctl_1484,synthetic,994,40,junit4,0.801,0,0,1
ctl_1485,synthetic,1207,49,junit5,0.5164,0,0,0
ctl_1486,synthetic,407,18,junit4,0.5901,0,0,0
ctl_1487,synthetic,1259,53,other,0.4656,0,0,0
ctl_1488,synthetic,3927,184,junit4,0.3301,0,0,0
ctl_1489,synthetic,210,18,junit4,0.5438,0,0,0
ctl_1490,synthetic,905,27,junit5,0.5583,0,0,0
ctl_1491,synthetic,1704,62,junit4,0.4314,0,0,0
ctl_1492,synthetic,1624,66,junit5,0.4431,0,0,0
ctl_1493,synthetic,272,13,junit5,0.4499,0,0,0
ctl_1494,synthetic,3657,160,junit4,0.2428,0,0,0
ctl_1495,synthetic,932,27,junit4,0.5431,0,0,0
ctl_1496,synthetic,2475,111,junit4,0.5014,0,0,0
ctl_1497,synthetic,1109,64,junit4,0.5548,0,0,0
ctl_1498,synthetic,1880,77,junit5,0.4618,0,0,0
ctl_1499,synthetic,2057,84,junit4,0.1938,0,0,0
